Name,Team,Pos,GP,G,A,P,PlusMinus,PIM,PPg,PPa,PPp,SHg,SHa,SHp,GWG,GT,FG,EN,SOG,Sh,HT,GA,TA,FO,SB,2,5,Mi,Ma,GM,FI,FW,ATOI,APPT,APKT,+,-,FS,AvR,
Jake Guentzel,Pittsburgh,RW/LW/C,82,67,62,129,75,8,9,10,19,0,0,0,9,0,12,0,447,15.0,64,8,17,0.50,28,4,0,0,0,0,0,0,21:21,3:13,0:08,133,58,15,8.63,
Sidney Crosby,Pittsburgh,C,74,28,84,112,63,11,9,16,25,0,1,1,6,0,8,0,233,12.0,75,17,106,0.54,49,3,1,0,0,0,1,1,22:50,3:09,1:42,121,58,3,8.03,
Evgeny Kuznetsov,Washington,C,82,52,55,107,41,16,11,17,28,2,0,2,9,0,9,0,206,25.2,124,15,58,0.54,54,8,0,0,0,0,0,0,17:40,2:44,1:42,100,59,11,7.93,
Viktor Arvidsson,Nashville,RW/LW,81,55,50,105,42,0,9,8,17,0,0,0,3,2,10,0,352,15.6,46,14,50,0.00,24,0,0,0,0,0,0,0,17:49,2:55,0:11,101,59,10,8.10,
Evgeny Dadonov,Florida,RW/LW,78,49,55,104,32,4,12,9,21,0,0,0,8,1,7,0,339,14.5,35,23,22,0.00,20,2,0,0,0,0,0,0,16:46,3:11,0:03,98,66,10,8.12,
Jonathan Huberdeau,Florida,LW,82,47,56,103,42,6,8,9,17,0,0,0,4,1,6,0,245,19.2,62,13,67,0.00,30,3,0,0,0,0,0,0,17:10,1:30,0:46,115,73,8,8.22,
Jack Eichel,Buffalo,C,82,45,58,103,46,8,9,17,26,1,1,2,8,0,7,0,310,14.5,69,9,49,0.48,73,4,0,0,0,0,0,0,18:09,2:50,1:09,104,58,10,7.62,
Ryan Johansen,Nashville,C,81,30,73,103,26,12,11,17,28,0,0,0,7,0,2,0,203,14.8,79,13,76,0.53,61,6,0,0,0,0,0,0,17:55,2:52,1:03,97,71,3,7.74,
Filip Forsberg,Nashville,LW/RW,82,50,52,102,21,8,10,17,27,0,0,0,8,0,10,0,340,14.7,121,19,125,0.13,41,4,0,0,0,0,0,0,18:24,2:56,1:04,100,79,14,8.18,
Patrick Kane,Chicago,RW,68,46,55,101,48,2,8,12,20,0,0,0,5,0,6,0,337,13.6,33,4,50,0.00,23,1,0,0,0,0,0,0,17:59,3:20,0:34,96,48,10,8.56,
Ilya Kovalchuk,Chicago,LW,82,43,58,101,35,10,9,14,23,0,0,0,8,1,7,0,362,11.9,114,17,21,0.00,36,5,0,0,0,0,0,0,17:24,3:16,0:00,109,74,7,8.10,
Connor McDavid,Edmonton,C,76,49,51,100,28,2,6,10,16,0,2,2,7,0,7,0,355,13.8,51,16,139,0.46,53,1,0,0,0,0,0,0,19:56,2:51,0:43,97,69,5,7.82,
Nikita Kucherov,Tampa Bay,RW,82,46,54,100,46,18,8,10,18,0,0,0,6,1,8,0,318,14.5,94,10,20,0.13,31,9,0,0,0,0,0,0,17:08,2:56,0:56,107,61,12,8.21,
Auston Matthews,Toronto,C,78,43,56,99,42,38,11,15,26,2,0,2,8,0,5,0,305,14.1,219,11,40,0.55,41,19,0,0,0,0,0,0,18:45,3:21,1:19,96,54,9,8.21,
Vladimir Tarasenko,St. Louis,RW,82,48,49,97,34,2,8,10,18,1,0,1,6,1,10,0,407,11.8,145,19,46,0.12,73,1,0,0,0,0,0,0,17:09,2:00,1:52,96,62,12,8.30,
Alex Galchenyuk,Pittsburgh,LW/C/RW,72,41,56,97,51,14,4,6,10,0,0,0,5,0,5,0,300,13.7,134,18,5,0.22,35,7,0,0,0,0,0,0,18:59,1:24,0:00,108,57,8,8.31,
Mikko Rantanen,Colorado,RW,78,40,57,97,54,6,7,10,17,0,0,0,6,3,7,0,307,13.0,103,9,64,0.00,36,3,0,0,0,0,0,0,16:56,3:07,0:27,102,48,14,8.44,
Nathan MacKinnon,Colorado,C,82,36,61,97,42,8,8,16,24,0,0,0,3,1,4,0,291,12.4,65,14,51,0.50,49,4,0,0,0,0,0,0,17:41,3:42,0:45,93,51,2,7.85,
Jonathan Drouin,Montreal,LW,75,44,51,95,39,2,6,9,15,0,0,0,12,1,7,0,286,15.4,57,9,12,0.21,52,1,0,0,0,0,0,0,16:45,3:07,0:20,96,57,14,8.32,
Steven Stamkos,Tampa Bay,C,79,44,51,95,44,26,8,8,16,0,0,0,8,1,6,0,250,17.6,100,9,26,0.55,60,13,0,0,0,0,0,0,17:27,2:59,1:18,104,60,8,7.90,
Tomás Hertl,San Jose,C/LW,78,41,54,95,28,10,13,10,23,1,0,1,9,2,5,0,255,16.1,88,14,60,0.58,44,5,0,0,0,0,0,0,17:26,2:29,1:05,97,69,11,7.79,
Phil Kessel,Arizona,RW,82,48,46,94,29,12,13,7,20,0,0,0,8,1,12,0,364,13.2,84,14,26,0.20,43,6,0,0,0,0,0,0,17:29,2:43,1:00,97,68,11,8.15,
Evgeni Malkin,Pittsburgh,C,81,32,62,94,42,39,2,1,3,0,0,0,5,1,6,0,185,17.3,163,16,67,0.46,51,7,1,1,0,1,0,0,21:24,1:13,0:57,115,73,1,7.32,
Jeff Skinner,Buffalo,LW,82,41,52,93,44,6,4,12,16,1,0,1,9,0,8,0,433,9.5,73,13,64,0.08,59,3,0,0,0,0,0,0,17:10,2:49,0:13,102,58,11,8.29,
Clayton Keller,Arizona,LW/RW/C,82,35,58,93,43,2,4,10,14,0,0,0,6,3,6,0,282,12.4,35,10,10,0.21,35,1,0,0,0,0,0,0,16:50,2:44,0:07,104,61,10,8.05,
Jonathan Toews,Chicago,C,82,36,55,91,49,2,11,11,22,0,0,0,4,1,3,0,224,16.1,66,13,100,0.67,37,1,0,0,0,0,0,0,18:14,3:23,0:43,105,56,6,7.78,
Eric Staal,Minnesota,C,79,35,56,91,41,4,5,13,18,0,0,0,5,1,5,0,167,21.0,51,16,58,0.58,40,2,0,0,0,0,0,0,16:53,2:28,0:31,98,57,4,7.38,
Pavel Buchnevich,NY Rangers,RW/LW,82,46,44,90,23,20,11,5,16,0,0,0,6,1,7,0,309,14.9,39,15,31,0.13,30,5,0,1,0,0,0,0,16:10,2:46,0:02,92,69,7,7.70,
Tomás Tatár,Montreal,LW/RW,82,38,52,90,16,8,9,10,19,0,0,0,5,0,9,0,420,9.0,49,21,14,0.10,48,4,0,0,0,0,0,0,16:12,2:26,0:02,86,70,9,8.00,
Teuvo Teräväinen,Chicago,C/LW,81,37,53,90,16,4,6,10,16,1,1,2,5,0,5,0,187,19.8,23,6,52,0.57,41,2,0,0,0,0,0,0,16:18,1:44,0:23,102,86,7,7.44,
Leon Draisaitl,Edmonton,LW/C/RW,82,40,49,89,18,6,11,9,20,0,0,0,8,1,7,0,332,12.0,104,25,70,0.23,43,3,0,0,0,0,0,0,19:09,2:36,0:38,89,71,5,7.23,
Jason Zucker,Minnesota,RW/LW,82,41,47,88,40,22,7,6,13,0,0,0,7,0,4,0,446,9.2,91,23,41,0.07,59,11,0,0,0,0,0,0,16:49,2:26,0:51,97,57,6,7.99,
Marcus Johansson,Chicago,LW/C,82,39,48,87,49,4,4,7,11,1,0,1,7,0,5,0,257,15.2,74,16,18,0.26,44,2,0,0,0,0,0,0,16:17,1:17,0:36,107,58,9,8.07,
Brandon Montour,Pittsburgh,RD,77,36,50,86,50,24,8,5,13,0,0,0,7,0,6,0,253,14.2,46,21,108,0,60,7,0,1,0,0,0,0,21:14,2:35,0:49,111,61,4,8.00,
Joakim Nygård,Edmonton,LW,82,34,52,86,44,2,8,6,14,1,0,1,4,0,3,0,367,9.3,33,18,19,0,15,1,0,0,0,0,0,0,16:51,1:57,0:00,96,52,9,7.90,
Jakub Vrána,Washington,LW/RW,81,32,54,86,46,29,3,10,13,0,0,0,2,0,1,0,260,12.3,68,18,10,0,32,7,1,0,0,1,0,0,14:55,1:22,0:06,98,52,6,7.94,
Mitch Marner,Toronto,RW,82,40,45,85,32,4,12,7,19,0,0,0,4,1,10,0,328,12.2,83,8,12,0.16,24,2,0,0,0,0,0,0,17:57,3:30,0:22,91,59,5,8.09,
Evander Kane,San Jose,LW,82,40,45,85,44,12,7,4,11,0,0,0,5,0,9,0,308,13.0,90,12,21,0.00,45,6,0,0,0,0,0,0,15:30,2:07,0:06,99,55,8,7.99,
Alexander Radulov,Dallas,RW,82,34,51,85,24,76,8,8,16,0,1,1,4,1,2,0,275,12.4,188,26,5,0.00,61,33,0,1,0,0,0,0,17:27,1:58,2:00,87,63,7,7.77,
Jan Rutta,Edmonton,RD,78,33,51,84,28,12,6,8,14,0,0,0,3,0,5,0,250,13.2,65,14,33,0,31,6,0,0,0,0,0,0,18:39,2:10,0:12,94,66,5,7.81,
Brad Marchand,Edmonton,LW,84,34,49,83,15,27,5,14,19,0,0,0,4,1,6,0,308,11.0,89,22,56,0,67,11,1,0,0,0,0,0,18:31,2:10,1:38,86,71,6,7.81,
John Tavares,Toronto,C,74,33,50,83,18,32,3,17,20,2,2,4,3,0,7,0,342,9.6,134,14,30,0.58,48,11,0,1,0,0,0,0,19:06,3:32,1:50,85,67,6,8.07,
Tyler Johnson,Tampa Bay,RW/C,82,39,43,82,37,16,3,6,9,0,0,0,7,0,8,0,290,13.4,86,25,12,0.31,37,8,0,0,0,0,0,0,16:27,1:21,1:24,90,53,5,7.82,
Matt Duchene,Nashville,C/RW,82,33,49,82,48,12,2,6,8,0,0,0,6,2,6,0,235,14.0,50,8,53,0.61,37,6,0,0,0,0,0,0,16:25,1:27,0:36,105,57,5,7.67,
Derek Stepan,Arizona,C,82,29,53,82,27,8,3,16,19,0,0,0,6,1,9,0,250,11.6,37,14,80,0.48,75,4,0,0,0,0,0,0,18:41,2:31,1:49,95,68,1,7.02,
Tyler Seguin,Dallas,C/RW,82,46,35,81,21,40,10,11,21,3,0,3,5,0,10,0,249,18.5,148,17,40,0.58,81,20,0,0,0,0,0,0,18:35,1:58,3:07,89,68,6,7.67,
Rickard Rakell,Colorado,LW/C/RW,70,37,44,81,49,6,5,4,9,0,0,0,7,0,4,0,347,10.7,81,15,38,0.17,42,3,0,0,0,0,0,0,17:02,2:42,0:37,93,44,9,8.16,
Cam Atkinson,Columbus,RW,82,37,44,81,-9,12,16,6,22,0,1,1,4,0,7,0,333,11.1,56,20,43,0.11,44,6,0,0,0,0,0,0,17:43,2:17,0:59,84,93,6,7.71,
William Nylander,Toronto,RW/C,76,31,50,81,41,16,5,13,18,0,0,0,7,0,3,0,342,9.1,89,19,6,0.20,21,8,0,0,0,0,0,0,17:16,3:17,0:06,90,49,3,8.18,
Kyle Okposo,Buffalo,RW,82,39,41,80,48,16,6,4,10,0,0,0,6,0,6,0,343,11.4,100,26,44,0,39,3,0,1,0,0,0,0,16:29,1:49,0:04,108,60,6,7.88,
Aleksander Barkov,Florida,C,82,33,47,80,35,0,7,8,15,0,0,0,4,0,7,0,203,16.3,69,12,59,0.52,72,0,0,0,0,0,0,0,18:05,2:59,1:05,104,69,6,7.39,
Max Domi,Montreal,C/LW,82,30,50,80,22,28,5,7,12,0,0,0,4,0,4,0,191,15.7,49,7,28,0.46,34,9,0,1,0,0,0,0,15:59,2:23,0:05,84,62,4,7.35,
Yanni Gourde,Tampa Bay,LW/RW/C,76,20,60,80,37,22,2,10,12,0,0,0,4,0,2,0,217,9.2,68,12,8,0.21,18,11,0,0,0,0,0,0,15:26,1:38,0:17,90,53,4,7.96,
Mika Zibanejad,NY Rangers,C,82,38,41,79,44,4,5,3,8,1,0,1,10,1,9,0,214,17.8,87,19,97,0.59,86,2,0,0,0,0,0,0,18:34,2:46,1:48,104,60,7,7.41,
Logan Couture,San Jose,C,80,38,41,79,30,20,10,6,16,0,0,0,6,0,2,0,213,17.8,54,10,54,0.50,74,5,0,1,0,0,0,0,16:55,1:53,1:26,89,59,4,7.46,
Alexander Ovechkin,Washington,LW,82,37,42,79,7,36,10,15,25,0,1,1,6,1,4,0,397,9.3,199,45,74,0.00,63,13,0,1,0,0,0,0,18:49,2:42,2:26,79,72,6,7.88,
Nikita Gusev,Tampa Bay,LW,77,36,43,79,52,4,1,2,3,0,0,0,5,0,2,0,243,14.8,65,11,3,0,18,2,0,0,0,0,0,0,15:06,2:12,0:00,100,48,6,8.09,
Josh Bailey,Chicago,RW/LW,81,31,48,79,-2,8,4,10,14,0,0,0,3,0,4,0,235,13.2,82,13,55,0.12,75,4,0,0,0,0,0,0,18:40,2:02,1:30,80,82,5,7.73,
Dylan Strome,Chicago,C,82,31,48,79,39,12,5,8,13,0,0,0,6,0,6,0,187,16.6,58,12,30,0.53,36,6,0,0,0,0,0,0,16:12,1:15,0:20,105,66,1,7.23,
David Pastrnák,Boston,RW,82,45,33,78,36,18,15,3,18,0,0,0,5,0,5,0,308,14.6,98,21,32,0.14,57,9,0,0,0,0,0,0,17:56,2:16,2:21,81,45,14,7.84,
Brandon Saad,NY Islanders,LW,85,38,40,78,14,8,8,5,13,0,0,0,6,0,6,0,401,9.5,69,10,29,0.36,32,4,0,0,0,0,0,0,16:09,2:01,0:06,85,71,9,7.91,
Elias Pettersson,Vancouver,C/RW,75,42,35,77,8,32,12,3,15,2,1,3,6,0,4,0,171,24.6,87,18,34,0.46,92,16,0,0,0,0,0,0,17:28,2:12,2:14,72,64,3,7.03,
Michael Grabner,Arizona,RW/LW,82,38,39,77,38,2,11,5,16,0,0,0,3,1,4,0,466,8.2,56,45,106,0,51,1,0,0,0,0,0,0,17:08,1:49,1:45,78,40,4,7.63,
Mike Hoffman,Florida,LW/RW,82,35,42,77,12,12,11,9,20,0,0,0,2,2,5,0,356,9.8,35,19,34,0.25,18,6,0,0,0,0,0,0,17:02,3:09,0:04,70,58,3,7.79,
Claude Giroux,Philadelphia,RW/C/LW,82,32,45,77,9,24,5,12,17,2,1,3,7,0,4,0,268,11.9,124,21,22,0.33,58,12,0,0,0,0,0,0,18:12,2:34,2:23,76,67,7,7.85,
Jaden Schwartz,St. Louis,LW,82,30,47,77,32,20,5,12,17,0,0,0,5,1,6,0,204,14.7,93,22,29,0.17,55,10,0,0,0,0,0,0,16:44,2:00,1:02,90,58,6,7.88,
Artemi Panarin,NY Rangers,LW,82,29,48,77,21,2,3,12,15,1,0,1,2,0,5,0,255,11.4,52,22,32,0.11,66,1,0,0,0,0,0,0,17:42,2:45,1:13,89,68,6,7.71,
T.J. Oshie,Washington,RW,82,38,38,76,4,6,17,7,24,0,1,1,6,1,6,0,247,15.4,73,24,77,0.21,96,3,0,0,0,0,0,0,17:36,2:43,1:32,75,71,4,7.68,
Oliver Wahlstrom,NY Islanders,RW/LW,82,37,39,76,0,8,7,7,14,0,0,0,4,0,5,0,255,14.5,52,23,8,0,39,4,0,0,0,0,0,0,16:17,2:22,0:00,79,79,7,7.41,
Sebastian Aho,Carolina,C/LW/RW,82,34,41,75,-3,4,4,14,18,1,2,3,3,1,6,0,192,17.7,51,21,50,0.50,67,2,0,0,0,0,0,0,18:19,3:19,1:21,71,74,2,7.22,
Ethan Bear,Edmonton,RD,82,28,47,75,14,15,2,7,9,0,0,0,3,0,5,0,221,12.7,81,16,24,0,28,5,1,0,0,0,1,1,17:03,1:57,0:00,85,71,5,7.63,
Dominik Kahun,Buffalo,C/LW,83,21,54,75,30,2,1,5,6,0,0,0,7,0,5,0,163,12.9,20,9,38,0.53,66,1,0,0,0,0,0,0,14:27,1:01,0:36,76,46,3,7.36,
Travis Konecny,Philadelphia,RW/LW/C,75,34,40,74,32,32,2,9,11,0,0,0,6,1,2,0,233,14.6,99,11,3,0.14,23,11,0,1,0,0,0,0,16:16,2:30,0:12,85,53,8,7.97,
Bryan Rust,Pittsburgh,LW/RW,82,33,41,74,37,24,1,0,1,0,0,0,8,0,7,0,307,10.7,182,21,57,1.00,41,12,0,0,0,0,0,0,18:06,0:25,0:12,108,71,6,7.94,
Nazem Kadri,Colorado,C,82,28,46,74,21,6,4,12,16,0,1,1,2,1,3,0,233,12.0,53,13,104,0.54,54,3,0,0,0,0,0,0,16:56,1:54,0:54,86,65,2,7.23,
Jamie Benn,Dallas,LW,76,26,48,74,12,34,6,4,10,0,2,2,1,0,5,0,212,12.3,192,25,26,0.32,46,17,0,0,0,0,0,0,16:07,1:03,1:19,83,71,5,7.96,
Pontus Åberg,San Jose,LW/RW,82,42,31,73,6,4,6,11,17,0,0,0,6,1,4,0,355,11.8,51,20,11,0,36,2,0,0,0,0,0,0,15:01,2:05,0:00,72,66,7,7.70,
Patrik Laine,Winnipeg,LW/RW,82,41,32,73,4,16,7,5,12,1,0,1,8,0,5,0,419,9.8,139,34,14,0.50,49,8,0,0,0,0,0,0,17:19,2:31,0:38,80,76,7,7.60,
J.T. Miller,Vancouver,RW/C/LW,77,23,50,73,-7,38,3,12,15,0,2,2,2,1,2,0,206,11.2,142,32,36,0.24,77,19,0,0,0,0,0,0,19:34,2:00,2:03,72,79,5,7.36,
Brayden Schenn,St. Louis,LW/C/RW,76,30,42,72,15,56,8,10,18,0,0,0,5,1,8,0,197,15.2,102,17,59,0.17,55,18,0,2,0,0,0,0,16:35,1:55,1:38,78,63,2,6.86,
Nick Schmaltz,Arizona,C,82,24,48,72,43,8,4,5,9,1,0,1,4,0,3,0,149,16.1,34,13,43,0.54,56,4,0,0,0,0,0,0,16:51,1:47,0:50,91,48,1,7.11,
Ryan Nugent-Hopkins,Edmonton,C/LW,75,36,35,71,4,8,8,13,21,1,0,1,5,1,4,0,223,16.1,53,8,61,0.44,37,4,0,0,0,0,0,0,18:14,2:15,0:45,66,62,5,7.28,
Martin Necas,Buffalo,RW/C,82,32,39,71,12,10,10,8,18,0,0,0,1,0,5,0,246,13.0,31,12,7,0.00,48,5,0,0,0,0,0,0,15:23,2:04,0:00,65,53,3,7.70,
Kasperi Kapanen,Toronto,RW/LW,69,31,40,71,38,16,5,4,9,1,1,2,4,0,2,0,301,10.3,101,18,5,0,28,8,0,0,0,0,0,0,17:10,2:09,1:02,84,46,4,8.07,
Nino Niederreiter,Carolina,RW/LW,82,30,41,71,9,20,5,7,12,0,0,0,8,0,5,0,308,9.7,117,22,26,0,30,10,0,0,0,0,0,0,16:09,1:30,0:03,96,87,8,7.61,
Timo Meier,San Jose,LW/RW,78,30,40,70,11,10,2,5,7,0,0,0,3,0,8,0,301,10.0,91,15,37,0.16,54,5,0,0,0,0,0,0,15:16,1:34,0:16,80,69,4,7.91,
James van Riemsdyk,Vegas,LW,80,30,40,70,5,28,5,2,7,0,0,0,4,1,4,0,247,12.1,205,21,22,0.20,33,14,0,0,0,0,0,0,15:51,0:59,0:28,71,66,10,7.84,
Jake Virtanen,Vancouver,RW,80,29,41,70,6,79,2,0,2,0,0,0,3,2,4,0,238,12.2,254,26,21,0.00,37,32,1,1,0,0,0,0,18:19,0:17,0:02,86,80,5,7.55,
Anders Lee,NY Islanders,LW,82,23,47,70,12,8,2,5,7,0,0,0,1,1,1,0,205,11.2,86,28,49,0.10,106,4,0,0,0,0,0,0,16:26,1:10,1:51,74,62,6,7.67,
Alexander Wennberg,Columbus,C,82,21,49,70,-6,10,6,8,14,0,0,0,4,0,4,0,156,13.5,42,9,18,0.48,40,5,0,0,0,0,0,0,16:09,2:05,0:01,70,76,1,6.88,
Keith Yandle,Florida,LD/RD,82,13,57,70,19,42,5,19,24,0,0,0,4,0,1,0,216,6.0,66,50,187,0,111,21,0,0,0,0,0,0,27:23,3:21,0:54,127,108,6,7.90,
Blake Wheeler,Winnipeg,RW,80,36,33,69,1,37,5,6,11,1,0,1,4,0,5,0,273,13.2,181,23,46,0.32,77,11,1,0,0,1,0,0,17:58,2:32,1:53,70,69,8,7.68,
Brett Connolly,Florida,RW/LW,82,34,35,69,20,10,5,11,16,0,0,0,6,0,5,0,260,13.1,45,21,15,0,11,5,0,0,0,0,0,0,15:56,1:27,0:00,80,60,4,7.61,
Mathew Barzal,NY Islanders,C,76,27,42,69,1,30,6,8,14,0,0,0,6,1,1,0,179,15.1,28,7,46,0.49,67,10,0,1,0,0,0,0,17:29,2:18,0:42,77,76,3,7.11,
Brayden Point,Tampa Bay,C,80,22,47,69,41,24,3,4,7,0,0,0,3,0,4,0,153,14.4,60,7,18,0.59,70,12,0,0,0,0,0,0,17:05,1:24,1:53,87,46,3,7.34,
Morgan Rielly,Toronto,LD/RD,78,9,60,69,46,26,3,14,17,1,2,3,2,1,1,0,285,3.2,234,26,101,0,153,13,0,0,0,0,0,0,26:54,3:27,1:39,127,81,7,8.49,
Gabriel Landeskog,Colorado,LW,77,37,31,68,16,4,12,4,16,0,0,0,4,0,8,0,376,9.8,96,13,79,0.05,75,2,0,0,0,0,0,0,17:03,2:48,0:51,69,53,5,8.06,
Zach Parise,Minnesota,LW/RW,82,34,34,68,0,2,6,5,11,0,0,0,4,0,7,0,321,10.6,64,16,61,0.19,73,1,0,0,0,0,0,0,17:35,2:03,1:19,75,75,8,7.72,
Gustav Nyquist,Columbus,RW/LW,65,33,35,68,-6,10,2,18,20,0,0,0,5,0,5,0,171,19.3,35,15,25,0,23,5,0,0,0,0,0,0,15:25,1:59,0:02,61,67,9,7.74,
Brendan Gallagher,Montreal,RW,82,27,41,68,7,16,8,5,13,0,0,0,4,0,3,0,275,9.8,78,13,26,0,45,8,0,0,0,0,0,0,17:08,2:09,1:07,73,66,3,7.49,
Sam Reinhart,Buffalo,C/RW,81,26,42,68,30,6,3,4,7,1,0,1,1,0,1,0,246,10.6,50,11,75,0.44,61,3,0,0,0,0,0,0,16:58,1:22,0:44,90,60,1,7.42,
Bobby Ryan,Ottawa,RW/LW,82,26,42,68,-19,20,7,13,20,0,0,0,3,1,2,0,272,9.6,59,12,9,0.00,55,10,0,0,0,0,0,0,16:13,2:45,0:13,66,85,4,7.41,
Patrice Bergeron,Boston,C,82,32,35,67,26,18,6,8,14,0,0,0,3,1,7,0,200,16.0,108,26,102,0.65,92,9,0,0,0,0,0,0,18:35,2:16,2:43,82,56,6,7.61,
Josh Ho-Sang,NY Islanders,RW,82,30,37,67,9,2,11,5,16,0,0,0,3,2,4,0,213,14.1,33,6,6,0,33,1,0,0,0,0,0,0,15:27,2:19,0:00,68,59,5,7.71,
Dylan Larkin,Detroit,C,82,30,37,67,2,48,5,14,19,1,0,1,4,1,4,0,170,17.6,150,32,43,0.48,109,24,0,0,0,0,0,0,19:01,1:33,4:35,61,59,3,7.13,
Nicklas Bäckström,Washington,C,79,27,40,67,-3,24,5,8,13,1,0,1,5,0,0,0,138,19.6,95,13,78,0.53,84,7,0,1,0,0,0,0,17:31,1:23,2:23,72,75,1,7.25,
Nick Foligno,Columbus,LW/C/RW,82,27,40,67,9,38,0,10,10,1,0,1,2,0,2,0,167,16.2,114,23,36,0.15,68,14,2,0,0,0,2,0,17:01,1:04,1:30,70,61,3,7.49,
Kevin Labanc,San Jose,RW/LW,78,25,42,67,12,4,4,12,16,0,0,0,0,0,1,0,249,10.0,57,7,22,0.33,39,2,0,0,0,0,0,0,16:04,2:29,0:05,72,60,2,7.90,
Mikael Granlund,Nashville,C/RW,72,23,44,67,9,12,4,3,7,0,0,0,1,0,1,0,156,14.7,73,16,53,0.61,35,6,0,0,0,0,0,0,16:48,1:28,0:51,85,76,4,7.65,
Dougie Hamilton,Buffalo,RD,82,13,54,67,27,42,5,11,16,0,1,1,1,0,1,0,207,6.3,62,29,133,0,95,16,0,1,0,0,0,0,23:19,2:31,0:59,109,82,3,7.71,
Chris Kreider,NY Rangers,LW,78,31,35,66,34,49,3,3,6,0,0,0,1,1,5,0,287,10.8,68,25,80,0.04,51,17,1,0,1,0,0,0,15:57,1:24,0:19,93,59,3,7.71,
Johnny Gaudreau,Calgary,LW,82,29,37,66,-13,26,3,4,7,1,2,3,6,2,6,0,203,14.3,121,28,31,0.13,61,13,0,0,0,0,0,0,20:12,1:55,2:18,70,83,3,7.54,
Joel Eriksson Ek,Minnesota,C/LW/RW,74,23,42,65,25,34,4,1,5,0,0,0,5,1,3,0,195,11.8,106,19,13,0.49,51,17,0,0,0,0,0,0,15:04,1:24,0:05,88,63,5,7.61,
David Perron,St. Louis,RW/LW,82,32,32,64,6,27,4,6,10,0,0,0,1,0,4,0,285,11.2,91,12,12,0.00,36,11,1,0,0,0,0,0,16:23,1:57,0:34,73,67,2,7.71,
Josh Anderson,Columbus,RW,82,30,34,64,-16,21,4,6,10,0,0,0,5,0,6,0,287,10.5,163,25,38,0.00,61,8,1,0,0,0,1,1,16:36,1:02,1:15,69,85,6,7.52,
Joonas Donskoi,Colorado,RW/LW,79,29,35,64,17,2,2,4,6,0,0,0,2,0,1,0,284,10.2,56,5,33,0,47,1,0,0,0,0,0,0,14:58,1:16,0:00,71,54,6,7.89,
Ryan Dzingel,Carolina,LW/RW,78,26,38,64,8,18,2,8,10,0,0,0,3,0,4,0,269,9.7,60,13,25,0.00,26,9,0,0,0,0,0,0,17:03,2:32,0:18,78,70,7,7.56,
Ondrej Kase,Chicago,RW/LW,84,25,39,64,1,10,5,3,8,0,0,0,5,0,6,0,225,11.1,51,11,8,0.00,27,5,0,0,0,0,0,0,14:34,0:40,0:08,75,74,4,7.49,
Sam Bennett,Calgary,LW/C/RW,81,31,32,63,-26,50,3,2,5,1,0,1,3,1,2,0,187,16.6,192,24,11,0.18,29,25,0,0,0,0,0,0,18:00,0:51,0:21,68,94,4,7.19,
Vincent Trocheck,Florida,C,78,24,39,63,21,4,4,11,15,0,0,0,3,1,4,0,175,13.7,23,11,71,0.59,44,2,0,0,0,0,0,0,16:24,1:39,0:00,82,61,3,7.14,
Nikolaj Ehlers,Carolina,RW/LW,72,24,39,63,-1,6,2,7,9,1,0,1,3,0,4,0,230,10.4,58,19,27,0,42,3,0,0,0,0,0,0,17:49,2:50,0:47,65,66,4,7.58,
Elias Lindholm,Calgary,RW/C,82,22,41,63,-20,39,1,8,9,0,1,1,2,1,3,0,199,11.1,156,39,36,0.24,51,17,1,0,0,0,0,0,20:48,1:56,2:08,67,87,6,7.28,
Duncan Keith,Chicago,LD,82,9,54,63,48,10,3,13,16,0,0,0,2,0,2,0,159,5.7,52,35,241,0,109,5,0,0,0,0,0,0,23:15,3:30,0:48,138,90,2,7.70,
Jesperi Kotkaniemi,Montreal,C,77,28,34,62,28,4,2,12,14,0,0,0,3,1,4,0,152,18.4,31,12,20,0.53,37,2,0,0,0,0,0,0,15:15,2:06,0:00,80,52,2,7.08,
Calle Järnkrok,Nashville,C/RW/LW,81,19,43,62,31,2,0,0,0,0,0,0,2,0,2,0,215,8.8,33,25,30,0.67,30,1,0,0,0,0,0,0,14:06,0:09,0:03,90,59,3,7.48,
Mark Scheifele,Winnipeg,C,82,17,45,62,-4,22,7,15,22,0,1,1,1,0,1,0,189,9.0,127,15,55,0.58,74,11,0,0,0,0,0,0,18:06,2:30,2:06,69,73,1,7.39,
Brock Nelson,NY Islanders,C/LW,82,30,31,61,2,22,7,8,15,0,0,0,5,0,6,0,241,12.4,60,14,57,0.49,64,11,0,0,0,0,0,0,17:48,2:22,1:06,70,68,2,6.85,
Bryan Little,Winnipeg,C,82,26,34,60,-8,6,7,5,12,0,0,0,0,2,1,0,215,12.1,46,14,38,0.55,51,3,0,0,0,0,0,0,15:31,1:25,0:18,71,79,2,6.80,
Sean Monahan,Calgary,C,82,31,28,59,-1,56,10,5,15,1,0,1,3,1,3,0,185,16.8,120,24,54,0.59,81,28,0,0,0,0,0,0,18:54,2:00,4:00,64,65,4,7.15,
Marcus Sörensen,San Jose,LW/RW,70,30,29,59,42,6,1,2,3,0,0,0,2,1,5,0,218,13.8,38,14,4,0,38,3,0,0,0,0,0,0,13:52,1:08,0:00,84,42,2,7.70,
Andreas Athanasiou,St. Louis,C/LW/RW,86,27,32,59,15,16,8,10,18,1,0,1,3,0,2,0,271,10.0,92,21,34,0.45,66,8,0,0,0,0,0,0,16:05,1:39,1:49,61,46,4,7.52,
Melker Karlsson,San Jose,RW/C/LW,82,19,40,59,6,0,1,2,3,0,0,0,3,0,4,0,170,11.2,30,16,22,0.18,31,0,0,0,0,0,0,0,13:50,0:15,0:14,77,71,2,7.07,
Alex DeBrincat,Chicago,RW/LW,54,33,25,58,25,2,4,6,10,0,0,0,4,1,3,0,205,16.1,23,6,9,0.00,24,1,0,0,0,0,0,0,17:03,2:13,0:11,67,42,9,8.04,
Mikkel Bødker,Ottawa,LW/RW,82,27,31,58,-31,8,10,9,19,0,0,0,4,0,3,0,251,10.8,56,15,24,0.00,42,4,0,0,0,0,0,0,15:52,2:42,0:00,50,81,4,7.26,
Nolan Patrick,Philadelphia,C,70,25,33,58,25,28,2,5,7,0,1,1,3,1,5,0,153,16.3,92,11,12,0.53,28,14,0,0,0,0,0,0,14:49,1:03,0:02,79,54,0,7.20,
Jack Roslovic,Winnipeg,RW/C,82,25,33,58,0,30,5,3,8,0,0,0,3,1,2,0,164,15.2,46,9,54,0,38,10,0,1,0,0,0,0,15:18,0:57,0:00,76,76,3,7.39,
Tyler Toffoli,Los Angeles,RW,80,23,35,58,-33,12,6,5,11,0,0,0,2,1,1,0,246,9.3,96,22,38,0.00,50,6,0,0,0,0,0,0,16:11,2:03,1:17,55,88,2,7.29,
Taylor Hall,Chicago,LW,72,23,35,58,0,30,6,2,8,0,2,2,4,0,5,0,214,10.7,133,22,41,0.16,71,15,0,0,0,0,0,0,17:59,1:51,2:53,61,61,6,7.86,
Tyler Bozak,St. Louis,C,77,19,39,58,24,4,3,7,10,0,0,0,3,1,2,0,124,15.3,53,12,57,0.56,53,2,0,0,0,0,0,0,16:54,1:45,1:21,78,54,2,7.08,
Victor Hedman,Tampa Bay,LD,82,11,47,58,49,20,4,17,21,0,0,0,2,0,1,0,258,4.3,185,36,165,0,178,10,0,0,0,0,0,0,23:07,3:11,2:40,114,65,3,8.38,
Justin Williams,Columbus,RW,82,24,33,57,-3,8,5,4,9,0,0,0,3,1,3,0,196,12.2,36,27,41,0,41,4,0,0,0,0,0,0,14:19,1:04,0:00,70,73,2,7.26,
Drake Batherson,Belleville,C,82,20,37,57,-29,18,4,10,14,0,0,0,0,0,3,0,131,15.3,31,7,12,0.46,38,4,0,1,0,0,0,0,15:15,2:12,0:01,54,83,1,6.52,
Kris Letang,Pittsburgh,RD/LD,82,13,44,57,45,28,2,16,18,0,0,0,2,0,3,0,227,5.7,110,29,101,0,136,14,0,0,0,0,0,0,23:25,3:19,1:43,119,74,4,8.05,
Rasmus Dahlin,Buffalo,LD,82,6,51,57,44,8,3,14,17,0,1,1,1,0,0,0,198,3.0,42,28,70,0,139,4,0,0,0,0,0,0,25:35,3:02,1:04,134,90,2,7.84,
Kaapo Kakko,NY Rangers,RW,82,30,26,56,1,4,6,2,8,0,0,0,5,0,3,0,268,11.2,38,22,7,0,39,2,0,0,0,0,0,0,14:48,1:26,0:00,68,67,5,7.26,
Christian Dvorak,Arizona,LW/C,77,28,28,56,30,10,4,9,13,0,0,0,4,0,4,0,265,10.6,73,9,18,0.25,20,5,0,0,0,0,0,0,15:02,2:02,0:00,71,41,4,7.58,
Jesper Fast,NY Rangers,RW,82,27,29,56,15,8,0,0,0,0,0,0,1,0,4,0,187,14.4,46,19,63,0.00,81,4,0,0,0,0,0,0,14:41,0:00,1:49,67,52,2,7.38,
Richard Pánik,Washington,LW/RW,77,27,29,56,8,34,6,2,8,0,0,0,3,0,2,0,265,10.2,74,25,9,0.00,29,17,0,0,0,0,0,0,14:27,1:17,0:02,70,62,2,7.32,
Phillip Danault,Montreal,C,82,23,33,56,12,18,5,5,10,0,0,0,4,0,3,0,153,15.0,64,15,54,0.58,59,9,0,0,0,0,0,0,16:25,1:17,0:58,65,53,2,7.01,
Pavel Zacha,Los Angeles,C/LW,68,22,34,56,-32,14,4,3,7,0,0,0,0,0,3,0,139,15.8,86,9,19,0.29,32,7,0,0,0,0,0,0,13:58,1:04,0:18,52,84,2,7.38,
Tom Wilson,Washington,RW,80,20,36,56,25,67,0,0,0,0,0,0,3,0,3,0,123,16.3,112,19,97,0,50,21,1,2,0,0,1,1,13:01,0:00,0:08,75,50,2,7.50,
Paul Stastny,Winnipeg,C,78,17,39,56,4,34,5,6,11,1,2,3,0,1,1,0,132,12.9,77,17,30,0.66,78,17,0,0,0,0,0,0,17:18,1:24,2:17,62,58,2,7.06,
Adam Boqvist,Chicago,RD/LD,82,8,48,56,34,16,4,19,23,0,0,0,1,0,0,0,171,4.7,24,34,22,0,98,8,0,0,0,0,0,0,21:36,3:37,0:06,115,81,1,7.55,
Aaron Ekblad,Florida,RD/LD,82,5,51,56,14,20,1,7,8,0,0,0,2,0,0,0,187,2.7,96,49,219,0,142,5,0,1,0,0,0,0,26:35,1:30,0:57,121,107,3,7.40,
Anthony Mantha,Detroit,RW/LW,78,29,26,55,-11,32,6,4,10,0,0,0,3,0,1,0,261,11.1,253,29,31,0.13,91,16,0,0,0,0,0,0,20:37,1:34,4:03,60,71,2,7.37,
Jason Spezza,Toronto,RW/C/LW,82,27,28,55,-6,32,3,8,11,0,0,0,4,0,3,0,168,16.1,84,4,11,0.23,20,16,0,0,0,0,0,0,14:02,1:28,0:01,50,56,2,6.45,
Brady Tkachuk,Ottawa,LW,82,26,29,55,-13,16,1,2,3,0,0,0,1,1,3,0,149,17.4,70,12,36,0.23,42,8,0,0,0,0,0,0,15:09,0:19,0:54,64,77,3,7.16,
Tyson Jost,Edmonton,C/LW,79,25,30,55,-3,10,2,3,5,0,0,0,1,0,3,0,182,13.7,34,6,39,0.58,37,5,0,0,0,0,0,0,15:28,1:04,0:07,68,71,1,6.84,
Sean Couturier,Philadelphia,C,82,23,32,55,3,57,6,7,13,0,1,1,2,0,1,0,186,12.4,151,16,54,0.55,92,21,1,1,0,0,0,0,18:28,2:32,2:27,65,62,1,6.83,
Alex Kerfoot,Toronto,C/LW,78,20,35,55,8,14,2,2,4,0,0,0,2,1,3,0,179,11.2,71,8,7,0.36,23,7,0,0,0,0,0,0,15:27,1:15,0:00,79,71,0,7.60,
Kevin Fiala,Minnesota,LW/RW,79,19,36,55,6,4,1,5,6,0,0,0,0,0,4,0,213,8.9,34,14,22,0,31,2,0,0,0,0,0,0,14:20,1:10,0:00,62,56,4,7.38,
Dmitry Orlov,Washington,LD,82,5,50,55,6,36,2,11,13,0,1,1,0,0,0,0,186,2.7,114,47,175,0,144,18,0,0,0,0,0,0,23:44,2:56,2:19,98,92,3,7.50,
Andrei Svechnikov,Carolina,RW,68,26,28,54,0,14,16,4,20,0,0,0,1,0,5,0,207,12.6,85,19,28,0,28,7,0,0,0,0,0,0,16:33,3:11,0:00,50,50,2,7.41,
Kailer Yamamoto,Colorado,RW,65,23,31,54,10,0,2,6,8,0,0,0,4,0,5,0,172,13.4,24,6,4,0,29,0,0,0,0,0,0,0,15:28,1:50,0:03,65,55,0,7.55,
Jesper Bratt,Anaheim,RW/LW,80,22,32,54,-23,21,3,6,9,0,0,0,4,2,1,0,155,14.2,71,20,3,0.00,37,8,1,0,0,0,0,0,15:18,1:44,0:23,55,78,5,7.16,
Erik Karlsson,San Jose,RD,82,10,44,54,13,10,3,14,17,0,0,0,0,0,3,0,201,5.0,48,20,187,0,120,5,0,0,0,0,0,0,21:47,2:39,0:59,96,83,3,7.83,
Robby Fabbri,Tampa Bay,LW/C,83,26,27,53,4,16,3,2,5,0,0,0,3,2,4,0,224,11.6,60,13,7,0.16,26,8,0,0,0,0,0,0,14:14,1:06,0:00,69,65,5,7.33,
Cale Makar,Boston,RD/LD,80,11,42,53,10,12,3,11,14,0,0,0,1,0,0,0,169,6.5,37,30,76,0,90,6,0,0,0,0,0,0,20:19,2:23,0:25,93,83,2,7.54,
Jason Demers,Arizona,RD,77,5,48,53,15,52,2,18,20,0,1,1,1,0,1,0,111,4.5,117,23,75,0,131,26,0,0,0,0,0,0,22:13,2:48,0:57,83,68,0,7.38,
Erik Haula,Carolina,C,82,23,29,52,5,14,0,3,3,0,0,0,2,1,3,0,140,16.4,50,14,61,0.61,59,7,0,0,0,0,0,0,14:31,0:20,1:27,59,54,1,7.02,
Conor Sheary,Tampa Bay,LW/RW,81,20,32,52,-1,6,2,10,12,0,0,0,3,0,3,0,188,10.6,23,11,23,0,35,3,0,0,0,0,0,0,14:57,1:55,0:00,55,56,4,7.43,
Andreas Johnsson,Toronto,LW/RW,82,20,32,52,3,20,3,6,9,0,0,0,2,0,1,0,243,8.2,57,16,3,0.00,26,10,0,0,0,0,0,0,14:39,1:36,0:01,61,58,4,7.50,
Victor Rask,Minnesota,C,82,19,33,52,-2,12,0,0,0,0,0,0,3,1,1,0,117,16.2,28,11,18,0.54,41,6,0,0,0,0,0,0,13:07,0:00,0:00,64,66,0,6.83,
Markus Granlund,Colorado,LW/C/RW,77,15,37,52,-4,0,0,0,0,0,0,0,2,0,1,0,223,6.7,29,19,26,0.27,41,0,0,0,0,0,0,0,13:23,0:05,0:12,66,70,1,7.23,
Devon Toews,NY Islanders,LD,82,5,47,52,-3,14,0,17,17,0,0,0,0,0,2,0,167,3.0,38,22,114,0,98,7,0,0,0,0,0,0,22:03,2:26,0:13,88,91,2,7.61,
Colin White,Ottawa,RW/C,82,27,24,51,-30,16,1,1,2,0,0,0,2,1,3,0,195,13.8,29,19,33,0.23,74,8,0,0,0,0,0,0,14:22,0:23,0:49,62,92,0,6.99,
Jake Debrusk,Boston,LW,82,25,26,51,-6,16,5,3,8,0,0,0,4,1,5,0,200,12.5,75,10,12,0.00,35,8,0,0,0,0,0,0,14:39,1:08,0:13,53,59,5,7.33,
Ryan Strome,NY Rangers,C/RW,72,23,28,51,-12,16,0,4,4,0,0,0,3,0,1,0,134,17.2,26,13,18,0.43,37,8,0,0,0,0,0,0,15:04,1:16,0:00,51,63,1,6.56,
Mark Stone,Vegas,RW,81,23,28,51,-5,30,5,4,9,0,0,0,1,2,3,0,230,10.0,233,47,99,0.20,115,15,0,0,0,0,0,0,19:14,1:27,4:08,55,60,4,7.64,
Mathieu Joseph,Tampa Bay,RW/LW,82,23,28,51,15,32,0,0,0,0,0,0,4,0,4,0,211,10.9,100,24,10,0.00,51,16,0,0,0,0,0,0,14:27,0:00,1:51,65,50,1,7.24,
Jason Pominville,Montreal,RW,82,17,34,51,5,4,0,2,2,0,0,0,2,0,1,0,174,9.8,30,9,12,0,24,2,0,0,0,0,0,0,13:07,0:20,0:00,60,55,4,7.24,
J.T. Compher,Colorado,C/LW/RW,79,15,36,51,-5,14,0,0,0,0,0,0,2,0,0,0,125,12.0,31,7,32,0.48,48,7,0,0,0,0,0,0,12:41,0:00,0:00,61,66,1,6.66,
Thomas Chabot,Ottawa,LD,82,10,41,51,-28,26,4,15,19,0,0,0,0,1,1,0,165,6.1,43,43,76,0,143,13,0,0,0,0,0,0,22:38,2:57,1:34,80,108,4,7.29,
Jared Spurgeon,Minnesota,RD/LD,78,8,43,51,16,10,2,7,9,0,0,0,0,0,1,0,152,5.3,51,34,80,0,141,5,0,0,0,0,0,0,21:51,2:17,1:11,105,89,0,7.65,
Jacob Trouba,NY Rangers,RD/LD,82,6,45,51,33,34,1,12,13,0,0,0,1,0,0,0,170,3.5,84,39,219,0,121,17,0,0,0,0,0,0,24:45,2:50,1:34,125,92,3,7.51,
Luke Kunin,Minnesota,RW/C,82,25,25,50,10,18,2,1,3,0,0,0,3,1,6,0,240,10.4,47,17,10,0,54,9,0,0,0,0,0,0,13:36,0:45,0:00,67,57,2,7.40,
Max Pacioretty,Vegas,LW,81,25,25,50,-7,41,2,6,8,0,0,0,3,1,4,0,235,10.6,196,36,36,0.20,81,18,1,0,0,0,0,0,18:36,1:27,3:47,54,61,4,7.26,
William Karlsson,Philadelphia,C,72,19,31,50,-6,22,5,2,7,3,2,5,1,1,3,0,141,13.5,107,28,36,0.56,64,11,0,0,0,0,0,0,18:14,1:25,2:43,56,62,4,6.89,
Pierre-Luc Dubois,Columbus,C/LW,60,18,32,50,10,28,2,2,4,0,0,0,1,0,5,0,100,18.0,59,8,42,0.53,49,9,0,1,0,0,0,0,14:48,0:17,0:40,65,55,2,7.25,
Oliver Ekman-Larsson,Arizona,LD/RD,82,15,35,50,14,20,11,8,19,0,0,0,2,1,1,0,174,8.6,54,39,65,0,115,10,0,0,0,0,0,0,23:12,2:58,2:02,90,76,2,7.54,
Nick Leddy,NY Islanders,LD,82,6,44,50,-4,18,1,11,12,0,0,0,0,0,2,0,219,2.7,63,41,142,0,159,9,0,0,0,0,0,0,29:19,2:20,1:25,123,127,1,7.56,
Anton Strålman,Florida,RD,82,2,48,50,12,12,1,20,21,0,0,0,0,0,0,0,111,1.8,42,24,87,0,125,6,0,0,0,0,0,0,19:28,3:19,0:58,87,75,0,7.48,
Kristian Vesalainen,Manitoba,LW/RW,74,28,21,49,-5,6,3,1,4,1,0,1,6,1,4,0,149,18.8,63,20,33,0,41,3,0,0,0,0,0,0,15:18,0:17,1:17,60,65,5,7.27,
Daniel Sprong,Anaheim,RW,78,23,26,49,-27,44,8,3,11,0,0,0,1,0,2,0,178,12.9,73,18,14,0,19,17,0,1,0,0,0,0,14:57,0:55,0:11,51,78,3,7.08,
Mattias Janmark,Dallas,LW/C/RW,82,21,28,49,-10,32,4,5,9,0,0,0,2,1,1,0,191,11.0,100,24,19,0.12,21,16,0,0,0,0,0,0,14:19,1:54,0:01,51,61,2,7.13,
Nico Hischier,New Jersey,C,82,20,29,49,-25,24,4,6,10,3,0,3,2,0,1,0,121,16.5,60,14,22,0.55,67,12,0,0,0,0,0,0,16:50,1:50,2:22,51,76,2,6.70,
Anthony Beauvillier,Anaheim,LW/RW/C,72,19,30,49,1,48,2,4,6,0,0,0,0,0,1,0,147,12.9,71,12,11,0,30,24,0,0,0,0,0,0,13:49,0:28,0:00,54,53,4,7.36,
Lias Andersson,NY Rangers,LW/C,82,18,31,49,1,22,0,0,0,0,1,1,1,0,1,0,150,12.0,61,16,20,0.19,64,11,0,0,0,0,0,0,14:58,0:00,1:10,64,63,3,7.10,
Ryan Suter,Minnesota,LD,82,7,42,49,23,10,3,13,16,0,0,0,0,1,0,0,211,3.3,103,44,182,0,159,5,0,0,0,0,0,0,23:19,2:41,1:29,108,85,2,7.68,
Jakub Vorácek,Philadelphia,RW,67,21,27,48,-1,20,4,5,9,2,1,3,3,1,5,0,211,10.0,141,25,11,0.14,40,10,0,0,0,0,0,0,17:28,2:33,2:08,49,50,4,7.52,
Ryan Getzlaf,Anaheim,C,73,19,29,48,-30,76,4,7,11,0,0,0,0,0,3,0,131,14.5,181,19,40,0.53,94,28,0,2,0,0,0,0,19:07,1:51,3:19,57,87,3,6.89,
Vladislav Namestnikov,NY Rangers,C/LW/RW,73,15,33,48,2,16,1,3,4,0,0,0,5,0,2,0,109,13.8,18,12,36,0.47,45,8,0,0,0,0,0,0,14:32,0:31,0:00,64,62,1,6.58,
Ryan Ellis,Nashville,RD,82,12,36,48,20,12,3,19,22,0,0,0,0,0,0,0,183,6.6,45,22,107,0,69,6,0,0,0,0,0,0,19:52,3:07,0:53,89,69,3,7.59,
Roman Josi,Nashville,LD,82,6,42,48,32,24,3,13,16,0,0,0,0,0,0,0,260,2.3,64,35,172,0,115,12,0,0,0,0,0,0,25:21,3:02,0:58,124,92,1,7.82,
Evan Rodrigues,San Jose,RW/LW/C,82,20,27,47,3,10,1,4,5,0,0,0,5,0,4,0,146,13.7,29,23,7,0.16,44,5,0,0,0,0,0,0,12:57,0:34,0:00,62,59,2,6.83,
Mats Zuccarello,Minnesota,RW,80,19,28,47,-15,0,1,4,5,0,0,0,1,0,3,0,194,9.8,56,14,31,0.10,43,0,0,0,0,0,0,0,15:43,1:27,0:12,63,78,0,7.25,
Tage Thompson,Buffalo,RW/C,82,19,28,47,8,12,0,0,0,0,0,0,1,1,3,0,139,13.7,49,17,24,0,52,6,0,0,0,0,0,0,12:02,0:00,0:00,61,53,2,7.32,
Oskar Lindblom,Philadelphia,LW,76,13,34,47,3,18,2,6,8,0,0,0,1,1,1,0,117,11.1,102,9,4,0,26,9,0,0,0,0,0,0,13:19,0:32,0:00,54,51,1,7.50,
Justin Faulk,Carolina,RD/LD,69,7,40,47,12,24,2,10,12,0,1,1,1,0,0,0,142,4.9,72,21,67,0.00,50,12,0,0,0,0,0,0,19:50,2:56,0:42,80,68,2,7.45,
Neal Pionk,Winnipeg,RD/LD,82,7,40,47,-12,32,1,8,9,0,0,0,0,0,3,0,121,5.8,92,34,77,0,125,16,0,0,0,0,0,0,21:43,1:49,2:07,81,93,1,7.27,
Matt Calvert,Colorado,LW/RW,79,24,22,46,7,18,0,0,0,1,0,1,5,0,3,0,213,11.3,44,20,49,0.33,48,4,0,1,0,0,0,0,13:21,0:00,0:41,64,57,0,7.22,
Artem Anisimov,Ottawa,C,82,22,24,46,-35,4,4,0,4,0,0,0,4,0,2,0,148,14.9,28,18,61,0.45,52,2,0,0,0,0,0,0,15:10,0:24,0:40,58,93,1,6.38,
Tanner Pearson,Vancouver,LW,82,21,25,46,-30,40,3,6,9,1,0,1,2,0,1,0,184,11.4,197,27,24,0.00,70,20,0,0,0,0,0,0,18:31,1:25,1:40,45,75,4,7.06,
Artturi Lehkonen,Montreal,LW/RW,82,20,26,46,17,6,1,3,4,0,0,0,2,1,4,0,221,9.0,30,6,8,0,31,3,0,0,0,0,0,0,14:01,0:53,0:00,62,45,3,7.33,
Chris Tierney,Colorado,C,76,15,31,46,-3,4,0,1,1,0,0,0,3,0,6,0,139,10.8,49,8,48,0.54,48,2,0,0,0,0,0,0,15:26,1:18,1:01,68,71,1,6.79,
Vitali Kravtsov,NY Rangers,RW,82,15,31,46,0,22,0,0,0,0,0,0,1,0,1,0,145,10.3,34,14,9,0,40,6,0,1,0,0,0,0,12:32,0:00,0:00,59,59,1,7.20,
Anthony Cirelli,Tampa Bay,C,75,12,34,46,17,21,0,0,0,0,0,0,0,0,0,0,116,10.3,73,9,12,0.53,32,8,1,0,0,0,0,0,12:27,0:01,0:00,64,47,1,7.08,
Seth Jones,Columbus,RD,82,11,35,46,-19,24,5,8,13,0,0,0,3,0,2,0,191,5.8,88,42,136,0.00,162,12,0,0,0,0,0,0,24:42,2:20,1:23,92,111,2,7.32,
Brady Skjei,NY Rangers,LD,82,5,41,46,18,38,1,10,11,1,0,1,1,0,0,0,176,2.8,76,46,176,0,141,19,0,0,0,0,0,0,23:50,3:02,1:30,103,85,3,7.41,
Darnell Nurse,Colorado,LD/RD,84,2,44,46,33,38,0,12,12,0,0,0,0,0,0,0,97,2.1,79,37,215,0,118,19,0,0,0,0,0,0,20:27,1:32,0:49,109,76,0,7.31,
Jakob Silfverberg,Edmonton,LW/RW,77,27,18,45,-29,21,3,2,5,0,0,0,4,1,6,0,245,11.0,184,35,71,0.23,66,8,1,0,0,0,0,0,16:44,1:15,2:15,55,84,2,7.25,
Alexander Nylander,Chicago,RW/LW,76,22,23,45,2,4,0,1,1,0,0,0,2,0,3,0,136,16.2,18,6,4,0,36,2,0,0,0,0,0,0,12:51,0:03,0:00,54,52,1,7.39,
Adam Henrique,Anaheim,C,72,22,23,45,-22,68,1,7,8,1,0,1,0,1,0,0,136,16.2,114,12,24,0.49,102,24,0,2,0,0,0,0,17:43,1:04,2:43,51,73,1,6.65,
Anze Kopitar,Los Angeles,C,80,20,25,45,-34,10,6,5,11,0,0,0,1,0,5,0,181,11.0,131,23,117,0.61,137,5,0,0,0,0,0,0,18:44,2:02,4:26,47,81,2,7.20,
David Krejcí,Boston,C,82,17,28,45,-21,10,3,5,8,0,0,0,1,0,4,0,148,11.5,56,13,23,0.53,57,5,0,0,0,0,0,0,16:01,1:12,0:39,55,76,1,6.56,
Mathieu Perreault,Winnipeg,LW/C,68,16,29,45,-2,6,2,10,12,0,0,0,1,0,4,0,141,11.3,30,15,11,0,37,3,0,0,0,0,0,0,14:43,1:46,0:01,49,51,2,7.22,
Michael Matheson,Florida,LD,82,8,37,45,25,14,2,8,10,0,0,0,2,0,1,0,110,7.3,47,35,153,0,96,7,0,0,0,0,0,0,19:25,1:10,0:46,99,74,2,7.49,
Ian Cole,Colorado,RD/LD,80,8,37,45,32,38,1,5,6,0,0,0,1,0,2,0,104,7.7,66,39,170,0,116,14,0,1,0,0,0,0,19:46,0:39,0:45,111,79,2,7.15,
Jake Gardiner,Pittsburgh,LD/RD,81,6,39,45,30,32,3,20,23,0,0,0,1,1,0,0,193,3.1,130,21,75,0,94,16,0,0,0,0,0,0,22:04,3:17,0:54,97,67,3,7.69,
Tyson Barrie,Toronto,RD,82,5,40,45,51,36,3,6,9,0,1,1,1,0,0,0,218,2.3,152,30,69,0,118,13,0,1,0,0,0,0,25:10,1:46,1:31,134,83,2,7.85,
Kyle Palmieri,New Jersey,RW,78,24,20,44,-12,27,4,4,8,1,0,1,2,0,2,0,209,11.5,114,15,21,0.14,28,6,1,0,0,1,0,0,15:48,1:48,1:24,45,57,3,7.14,
Eeli Tolvanen,Nashville,LW/RW,82,21,23,44,-1,6,6,1,7,0,0,0,4,0,1,0,213,9.9,49,8,2,0,32,3,0,0,0,0,0,0,15:39,1:24,0:00,56,57,4,7.27,
Jimmy Vesey,NY Islanders,LW/RW,77,19,25,44,-2,20,0,0,0,0,0,0,5,0,4,0,165,11.5,130,16,29,0,48,10,0,0,0,0,0,0,13:58,0:03,0:43,51,53,6,7.32,
Ryan Hartman,Minnesota,RW/C,78,14,30,44,3,20,0,0,0,0,0,0,2,0,2,0,179,7.8,47,12,26,0,41,10,0,0,0,0,0,0,13:17,0:07,0:00,47,44,2,7.22,
Rasmus Ristolainen,Carolina,RD/LD,82,10,34,44,7,14,2,6,8,0,0,0,1,0,1,0,134,7.5,112,55,109,0,121,7,0,0,0,0,0,0,21:42,1:23,1:17,96,89,1,7.32,
Jaccob Slavin,Carolina,LD,82,8,36,44,22,24,3,4,7,0,0,0,2,0,2,0,146,5.5,86,46,277,0,128,12,0,0,0,0,0,0,21:54,1:18,1:43,101,79,2,7.50,
Shayne Gostisbehere,Philadelphia,RD/LD,78,6,38,44,4,24,2,6,8,0,1,1,0,1,1,0,156,3.8,89,47,65,0,140,12,0,0,0,0,0,0,23:42,0:58,2:26,94,90,0,7.33,
John Carlson,Washington,RD,72,5,39,44,23,26,1,16,17,0,1,1,2,0,1,0,157,3.2,113,36,104,0,130,13,0,0,0,0,0,0,23:58,2:54,2:33,92,69,2,7.67,
Janne Kuokkanen,Charlotte,C/LW/RW,82,21,22,43,-1,2,1,0,1,0,0,0,6,0,4,0,112,18.8,26,11,20,0.41,38,1,0,0,0,0,0,0,12:21,0:05,0:00,54,55,1,6.94,
Joel Armia,Montreal,RW,82,21,22,43,19,14,0,0,0,0,0,0,3,0,5,0,221,9.5,53,13,18,0,33,7,0,0,0,0,0,0,12:51,0:00,0:00,59,40,3,7.41,
Craig Smith,Nashville,RW,82,18,25,43,-11,8,1,1,2,0,0,0,2,0,7,0,172,10.5,61,12,71,0,39,4,0,0,0,0,0,0,14:57,0:10,0:00,54,65,3,7.24,
Jean-Gabriel Pageau,Ottawa,C,76,18,25,43,-10,14,0,0,0,0,0,0,2,0,5,0,159,11.3,36,24,37,0.58,56,7,0,0,0,0,0,0,15:18,0:00,2:08,54,64,0,6.71,
Nick Ritchie,Buffalo,LW,80,14,29,43,-5,44,0,0,0,0,0,0,0,0,4,0,156,9.0,226,23,31,0.20,50,17,0,1,0,0,0,0,14:20,0:07,0:51,58,63,2,7.44,
Colin Miller,Buffalo,RD,82,11,32,43,31,40,2,6,8,0,0,0,2,0,1,0,132,8.3,46,31,88,0,122,15,0,1,0,0,0,0,21:35,1:04,0:49,118,87,1,7.39,
Victor Mete,Montreal,LD,73,9,34,43,15,12,6,9,15,0,0,0,1,0,2,0,160,5.6,39,28,74,0,84,6,0,0,0,0,0,0,21:13,2:55,0:44,95,80,1,7.44,
Jeff Petry,Montreal,RD/LD,77,7,36,43,23,4,2,9,11,0,0,0,2,0,0,0,131,5.3,79,32,111,0,113,2,0,0,0,0,0,0,20:39,1:37,0:53,90,67,0,7.53,
Alex Pietrangelo,St. Louis,RD,82,6,37,43,-3,24,2,10,12,0,0,0,1,0,2,0,216,2.8,134,38,248,0,208,12,0,0,0,0,0,0,27:03,2:03,1:59,96,99,4,7.71,
Charlie McAvoy,Boston,RD,79,6,37,43,-18,36,2,19,21,0,0,0,1,0,2,0,172,3.5,118,29,91,0,137,18,0,0,0,0,0,0,22:00,2:24,1:36,65,83,1,7.48,
James Neal,New Jersey,RW,76,21,21,42,-27,44,3,3,6,1,0,1,2,0,5,0,211,10.0,136,28,30,1.00,68,17,0,1,0,0,0,0,15:25,1:10,1:39,44,71,5,7.21,
Filip Chytil,NY Rangers,C,76,20,22,42,1,12,0,0,0,0,0,0,7,0,5,0,102,19.6,27,9,21,0.37,52,6,0,0,0,0,0,0,13:11,0:00,0:00,66,65,1,6.51,
Reilly Smith,Philadelphia,RW/LW,79,20,22,42,-3,16,1,4,5,0,0,0,2,0,3,0,178,11.2,85,37,16,0.00,49,8,0,0,0,0,0,0,14:48,1:00,0:12,51,54,2,7.13,
Wayne Simmonds,Tampa Bay,RW,67,13,29,42,-3,138,0,5,5,1,0,1,1,0,1,0,135,9.6,100,14,19,0.00,49,24,4,4,0,3,4,3,14:21,0:38,1:36,47,50,1,7.31,
Shea Weber,Montreal,RD,82,10,32,42,22,20,4,10,14,0,0,0,2,0,2,0,198,5.1,94,26,151,0,118,10,0,0,0,0,0,0,22:30,3:23,1:08,95,73,2,7.51,
Cam Fowler,Chicago,LD/RD,81,6,36,42,22,16,3,5,8,0,0,0,0,0,0,0,150,4.0,99,36,194,0,118,8,0,0,0,0,0,0,22:10,1:22,1:00,104,82,1,7.53,
Oscar Klefbom,Edmonton,LD,79,5,37,42,23,10,2,13,15,0,1,1,0,0,0,0,223,2.2,69,29,175,0,117,5,0,0,0,0,0,0,24:04,2:29,0:50,106,83,2,7.48,
Oliver Bjørkstrand,Columbus,RW/LW,82,19,22,41,4,6,0,0,0,0,0,0,0,0,3,0,172,11.0,23,20,11,0,27,3,0,0,0,0,0,0,12:59,0:08,0:00,57,53,1,7.13,
Brent Burns,San Jose,RD,82,6,35,41,10,12,0,13,13,0,0,0,1,0,1,0,213,2.8,86,29,200,0,106,6,0,0,0,0,0,0,22:02,2:07,1:34,89,79,2,7.44,
Nikita Zaitsev,Ottawa,RD,82,4,37,41,-28,22,3,11,14,0,0,0,2,1,2,0,106,3.8,39,35,64,0,95,11,0,0,0,0,0,0,20:26,2:24,0:24,87,115,1,6.93,
Matt Niskanen,Philadelphia,RD/LD,82,2,39,41,10,46,0,0,0,0,2,2,0,0,0,0,130,1.5,148,47,67,0,174,23,0,0,0,0,0,0,23:05,0:14,2:27,111,101,0,7.23,
Derek Ryan,Calgary,C/RW,68,19,21,40,-23,42,4,1,5,0,0,0,0,0,0,0,148,12.8,54,15,5,0.47,17,21,0,0,0,0,0,0,15:58,0:53,0:00,40,63,1,6.94,
Boone Jenner,Columbus,C/LW,71,18,22,40,-12,32,4,0,4,0,0,0,0,2,1,0,149,12.1,52,17,39,0.56,35,16,0,0,0,0,0,0,14:55,1:09,0:03,49,61,0,6.54,
Mikael Backlund,Calgary,C,82,15,25,40,-34,40,1,3,4,2,1,3,1,1,1,0,148,10.1,157,28,40,0.55,104,15,0,1,0,0,0,0,18:16,1:00,3:27,51,85,1,6.51,
Nick Bonino,St. Louis,C,68,13,27,40,5,6,0,1,1,0,0,0,2,0,1,0,94,13.8,35,7,60,0.57,37,3,0,0,0,0,0,0,13:55,0:05,0:20,49,44,1,6.76,
Colton Parayko,St. Louis,RD,82,9,31,40,17,22,4,5,9,0,1,1,0,0,0,0,169,5.3,146,59,190,0,152,11,0,0,0,0,0,0,25:43,1:59,1:45,106,89,1,7.17,
Derrick Pouliot,Tampa Bay,LD,69,7,33,40,13,41,2,7,9,0,0,0,0,0,0,0,126,5.6,82,33,55,0,67,13,1,0,1,0,0,0,17:39,1:46,0:21,70,57,1,7.39,
Ryan Donato,Minnesota,C/LW,67,21,18,39,-5,10,0,0,0,0,0,0,2,0,4,0,116,18.1,20,8,27,0.52,39,5,0,0,0,0,0,0,13:23,0:08,0:00,53,58,1,6.64,
Carl Hagelin,Washington,LW,80,19,20,39,9,12,0,0,0,0,0,0,2,0,0,0,149,12.8,47,17,83,0.07,31,6,0,0,0,0,0,0,12:26,0:00,0:00,59,50,2,7.09,
Logan Brown,Belleville,C,82,18,21,39,-27,12,0,0,0,0,0,0,2,0,2,0,106,17.0,58,19,30,0.45,54,6,0,0,0,0,0,0,14:21,0:00,1:37,53,80,3,6.41,
Joe Pavelski,Dallas,C/RW,82,18,21,39,-42,24,2,7,9,1,0,1,1,0,3,0,129,14.0,132,14,32,0.58,72,12,0,0,0,0,0,0,17:04,1:08,2:11,42,84,0,6.61,
Ondrej Palát,New Jersey,LW,82,16,23,39,-20,10,3,0,3,0,0,0,0,0,1,0,125,12.8,123,23,42,0.00,38,5,0,0,0,0,0,0,13:44,0:44,0:33,48,68,4,7.18,
Anders Bjork,Boston,LW/RW,82,14,25,39,-7,36,0,5,5,0,0,0,2,0,1,0,136,10.3,46,13,36,0,30,13,0,1,0,0,0,0,12:38,0:48,0:00,39,46,3,7.05,
Ryan McDonagh,St. Louis,LD/RD,81,10,29,39,18,48,4,3,7,0,0,0,2,0,1,0,169,5.9,126,40,126,0,193,19,0,1,0,0,0,0,22:00,1:19,1:59,94,76,2,7.54,
Joe Thornton,Chicago,C,65,9,30,39,7,18,3,3,6,0,0,0,0,0,1,0,61,14.8,32,3,19,0.42,60,9,0,0,0,0,0,0,15:09,1:09,0:22,53,46,0,6.17,
Vince Dunn,St. Louis,LD,77,7,32,39,5,48,5,12,17,0,0,0,1,1,1,0,121,5.8,90,23,66,0,105,14,0,2,0,0,0,0,19:18,2:02,1:30,66,61,2,7.38,
Kevin Shattenkirk,Tampa Bay,RD,82,6,33,39,42,46,3,9,12,0,0,0,0,0,1,0,144,4.2,122,24,14,0,96,18,0,1,0,0,0,0,19:23,1:51,0:19,106,64,0,7.55,
Erik Gustafsson,Chicago,LD/RD,82,5,34,39,39,14,0,7,7,0,0,0,2,0,1,0,127,3.9,35,27,139,0,91,7,0,0,0,0,0,0,20:02,1:34,0:36,110,71,1,7.35,
Brian Dumoulin,Pittsburgh,LD/RD,82,4,35,39,44,18,0,0,0,0,0,0,1,0,1,0,105,3.8,106,34,120,0,119,9,0,0,0,0,0,0,19:31,0:02,1:33,119,75,2,7.40,
Adam Larsson,Tampa Bay,RD,86,4,35,39,38,32,0,2,2,0,1,1,1,0,0,0,94,4.3,125,40,120,0,156,16,0,0,0,0,0,0,19:48,0:22,2:15,105,67,2,7.27,
Ben Hutton,Chicago,LD,82,1,38,39,26,22,0,0,0,0,0,0,0,0,0,0,92,1.1,39,33,217,0,77,6,0,1,0,0,0,0,18:16,0:00,0:13,101,75,0,7.20,
Matt Nieto,Colorado,LW/RW,73,17,21,38,-8,4,0,0,0,0,0,0,3,0,4,0,156,10.9,29,10,44,0,44,2,0,0,0,0,0,0,12:46,0:00,0:01,57,65,2,7.33,
Paul Byron,Montreal,RW/LW/C,82,17,21,38,-14,6,0,1,1,0,0,0,1,0,0,0,232,7.3,45,19,40,0,53,3,0,0,0,0,0,0,13:48,0:35,0:57,52,66,2,7.16,
Adam Lowry,Winnipeg,C,76,17,21,38,-11,32,0,0,0,0,0,0,2,0,1,0,114,14.9,64,19,65,0.61,69,11,0,1,0,0,0,0,14:39,0:00,1:29,49,60,1,6.49,
Jeff Carter,Los Angeles,C,82,17,21,38,-42,66,4,4,8,0,0,0,0,2,1,0,131,13.0,195,22,25,0.50,114,28,0,1,0,0,0,0,18:19,1:02,4:05,43,85,2,6.33,
Lars Eller,Washington,C,81,16,22,38,4,20,0,0,0,0,0,0,1,0,3,0,89,18.0,48,6,55,0.55,31,10,0,0,0,0,0,0,12:45,0:00,0:10,59,55,1,6.48,
Colton Sceviour,Florida,RW/LW/C,82,15,23,38,-20,6,0,0,0,0,0,0,2,0,2,0,121,12.4,39,22,97,0.26,53,3,0,0,0,0,0,0,13:56,0:00,0:43,50,70,1,6.80,
Ilya Mikheyev,Toronto,RW,79,14,24,38,17,16,0,1,1,0,0,0,2,0,4,0,147,9.5,73,21,3,0.33,14,8,0,0,0,0,0,0,10:47,0:03,0:00,46,29,1,7.34,
Jake Muzzin,Toronto,LD,82,7,31,38,4,45,0,2,2,0,0,0,1,0,0,0,182,3.8,188,33,67,0,105,15,1,1,0,0,1,0,19:55,0:21,1:47,90,86,2,7.54,
Justin Schultz,Pittsburgh,RD,82,6,32,38,38,26,0,3,3,0,0,0,1,0,2,0,131,4.6,127,25,66,0,117,13,0,0,0,0,0,0,20:15,1:17,0:33,112,74,1,7.61,
Jakob Chychrun,Arizona,LD,81,5,33,38,22,61,1,6,7,0,0,0,1,0,0,0,131,3.8,157,33,74,0,117,23,1,1,0,0,1,1,20:02,1:10,0:34,94,72,0,7.32,
Adam Fox,NY Rangers,RD/LD,82,4,34,38,6,18,0,4,4,0,0,0,0,0,1,0,112,3.6,22,30,55,0,89,9,0,0,0,0,0,0,20:59,1:22,0:22,104,98,0,6.96,
Jérémy Roy,San Jose,RD/LD,49,4,34,38,7,48,1,7,8,0,0,0,1,0,1,0,67,6.0,17,16,25,0,38,19,0,1,0,0,0,0,19:39,2:20,0:06,59,52,1,7.12,
Aaron Ness,Arizona,RD/LD,68,3,35,38,20,24,0,13,13,0,0,0,0,0,0,0,86,3.5,36,15,18,0,52,12,0,0,0,0,0,0,18:29,1:55,0:04,73,53,1,7.13,
Zach Werenski,Columbus,LD,82,3,35,38,-30,25,0,13,13,0,0,0,0,0,0,0,140,2.1,70,27,158,0,125,10,1,0,0,0,1,0,22:13,2:27,1:20,74,104,0,7.17,
Vince Hinostroza,Arizona,RW/LW/C,82,17,20,37,-7,6,0,1,1,0,0,0,1,1,5,0,119,14.3,17,11,14,0,29,3,0,0,0,0,0,0,12:24,0:13,0:00,43,50,0,7.01,
Rocco Grimaldi,Washington,RW/C,67,17,20,37,2,18,0,0,0,0,0,0,1,0,1,0,119,14.3,18,13,7,0.08,38,4,0,1,0,0,0,0,12:28,0:02,0:00,45,43,0,6.97,
Andrew Shaw,Los Angeles,RW/C,82,14,23,37,-45,70,1,6,7,0,0,0,1,0,2,0,147,9.5,155,27,26,0.19,96,35,0,0,0,0,0,0,17:35,1:07,2:54,42,87,1,6.74,
Loui Eriksson,Vancouver,RW/LW,76,13,24,37,3,20,2,7,9,1,0,1,2,0,5,0,174,7.5,116,23,22,0,23,10,0,0,0,0,0,0,15:15,1:52,0:37,49,46,1,7.16,
Jordan Greenway,Minnesota,LW/RW,82,13,24,37,-11,22,1,0,1,0,0,0,2,1,3,0,119,10.9,147,18,33,0,63,11,0,0,0,0,0,0,14:43,0:03,0:53,50,61,4,7.11,
Michael Frolík,Calgary,RW,81,13,24,37,-23,36,0,0,0,0,0,0,2,1,3,0,196,6.6,134,46,20,0,51,18,0,0,0,0,0,0,18:39,0:21,0:36,58,81,1,6.78,
Charlie Coyle,Toronto,C/RW,82,11,26,37,-25,22,4,4,8,0,0,0,0,0,1,0,189,5.8,112,16,9,0.40,26,11,0,0,0,0,0,0,13:48,0:51,0:05,45,70,1,7.15,
Mike Reilly,Montreal,LD,82,8,29,37,18,32,2,2,4,0,0,0,3,0,3,0,86,9.3,38,21,68,0,75,16,0,0,0,0,0,0,18:17,1:01,0:16,90,72,0,7.17,
Markus Nutivaara,Columbus,LD,82,4,33,37,-17,20,0,6,6,0,0,0,0,0,0,0,96,4.2,50,40,215,0,142,10,0,0,0,0,0,0,21:30,0:51,1:38,97,114,0,6.98,
Mikhail Sergachev,Tampa Bay,LD/RD,82,3,34,37,13,62,3,8,11,0,0,0,1,0,1,0,168,1.8,169,32,75,0,150,31,0,0,0,0,0,0,21:31,2:18,1:48,88,75,0,7.48,
Roope Hintz,Vegas,LW/C,72,18,18,36,-4,24,0,0,0,0,0,0,2,0,0,0,80,22.5,116,9,4,0.10,35,12,0,0,0,0,0,0,12:26,0:00,0:01,44,48,0,6.69,
Mikko Koivu,Minnesota,C,71,16,20,36,-7,6,0,0,0,0,0,0,3,1,0,0,117,13.7,60,11,35,0.65,48,3,0,0,0,0,0,0,15:19,0:22,1:19,46,53,3,6.86,
Frédérik Gauthier,Toronto,C,79,15,21,36,-1,18,0,0,0,0,0,0,4,0,1,0,168,8.9,145,16,21,0.60,42,9,0,0,0,0,0,0,13:13,0:00,0:47,51,52,1,6.80,
Bo Horvat,Vancouver,C,82,12,24,36,-42,37,7,10,17,0,0,0,0,1,1,0,134,9.0,197,22,30,0.60,124,16,1,0,0,0,0,0,18:43,1:22,3:21,32,74,1,6.63,
Jack Hughes,New Jersey,C,79,12,24,36,-20,40,2,5,7,0,0,0,1,1,2,0,78,15.4,34,12,8,0.43,46,20,0,0,0,0,0,0,13:27,1:00,0:00,35,55,1,6.35,
Henrik Borgström,Florida,C,82,10,26,36,-16,30,0,0,0,0,0,0,3,0,2,0,89,11.2,11,6,14,0.44,42,10,0,1,0,0,0,0,13:22,0:00,0:00,57,73,1,6.40,
Mattias Ekholm,Nashville,LD,82,6,30,36,29,8,1,5,6,0,0,0,1,0,0,0,187,3.2,92,26,197,0,116,4,0,0,0,0,0,0,23:19,1:19,1:02,112,83,0,7.46,
Torey Krug,Boston,LD/RD,82,6,30,36,-26,32,3,14,17,0,0,0,1,1,1,0,167,3.6,68,27,93,0,114,16,0,0,0,0,0,0,21:02,2:20,0:42,66,92,0,7.24,
Josh Morrissey,Winnipeg,LD/RD,82,6,30,36,-18,50,3,10,13,0,0,0,0,0,0,0,195,3.1,157,44,98,0,155,25,0,0,0,0,0,0,24:58,2:42,2:00,80,98,1,7.48,
Mathew Dumba,Minnesota,RD/LD,81,6,30,36,21,56,1,6,7,0,0,0,2,0,1,0,187,3.2,66,34,155,0,140,23,0,1,0,0,0,0,21:37,1:37,0:53,100,79,2,7.51,
Marc-Édouard Vlasic,San Jose,LD,82,5,31,36,10,8,2,6,8,0,0,0,0,0,1,0,104,4.8,51,41,210,0,125,4,0,0,0,0,0,0,20:56,2:04,1:25,82,72,0,7.24,
Bode Wilde,Bridgeport,RD/LD,82,4,32,36,1,20,2,7,9,0,0,0,0,0,0,0,99,4.0,39,21,17,0,47,10,0,0,0,0,0,0,16:33,2:21,0:02,75,74,0,6.93,
Sami Niku,Winnipeg,LD/RD,82,4,32,36,-7,22,1,3,4,0,0,0,1,0,2,0,104,3.8,85,31,36,0,83,11,0,0,0,0,0,0,17:11,1:14,0:15,85,92,1,7.12,
Kevin Hayes,Anaheim,C/LW,77,22,13,35,-30,32,4,1,5,0,0,0,1,0,3,0,134,16.4,154,13,14,0.48,77,16,0,0,0,0,0,0,15:39,0:37,1:35,38,68,0,6.66,
Kevin Roy,Florida,LW/RW,82,17,18,35,-27,6,0,0,0,0,0,0,1,0,3,0,162,10.5,12,17,9,0,24,3,0,0,0,0,0,0,13:02,0:10,0:00,47,74,2,6.95,
Tim Schaller,Vancouver,LW/C/RW,82,17,18,35,-15,36,1,0,1,0,0,0,1,0,6,0,123,13.8,157,33,35,0.00,38,13,0,1,0,0,0,0,14:05,0:02,0:22,39,54,0,6.89,
Andy Miele,Arizona,C,82,13,22,35,-12,16,0,0,0,0,0,0,1,0,2,0,126,10.3,23,18,5,0.38,26,8,0,0,0,0,0,0,12:18,0:00,0:00,46,58,2,6.99,
Shea Theodore,Vegas,RD/LD,82,5,30,35,-10,26,1,9,10,0,0,0,0,0,0,0,138,3.6,148,40,55,0,173,13,0,0,0,0,0,0,23:29,1:31,2:56,75,85,0,7.21,
Dante Fabbro,Nashville,RD,82,4,31,35,11,6,1,3,4,0,0,0,0,0,1,0,66,6.1,28,28,80,0,81,3,0,0,0,0,0,0,16:21,0:33,0:21,86,75,0,7.06,
Brett Pesce,Winnipeg,RD,68,4,31,35,14,18,2,6,8,0,2,2,0,0,0,0,78,5.1,25,32,160,0,92,9,0,0,0,0,0,0,18:50,1:07,1:41,73,59,1,7.18,
Tim Heed,Edmonton,RD,82,3,32,35,20,8,0,4,4,0,0,0,1,0,0,0,86,3.5,51,23,30,0,91,4,0,0,0,0,0,0,18:24,1:27,0:12,93,73,2,7.22,
Christian Fischer,Arizona,RW/C,82,16,18,34,-5,10,0,0,0,0,0,0,5,0,3,0,142,11.3,46,24,15,0.31,33,5,0,0,0,0,0,0,12:29,0:00,0:00,43,48,4,6.98,
Zach Hyman,Toronto,LW/RW,82,16,18,34,5,18,0,0,0,0,1,1,1,0,4,0,206,7.8,161,24,19,0.18,46,9,0,0,0,0,0,0,14:33,0:11,1:40,58,53,1,7.28,
Jonathan Marchessault,Vegas,LW/RW,82,16,18,34,-26,48,5,2,7,1,0,1,4,0,1,0,117,13.7,100,36,14,0.14,64,19,0,1,0,0,0,0,15:30,0:59,1:04,38,64,2,6.87,
Magnus Pääjärvi,Columbus,LW/RW,77,15,19,34,-27,22,0,0,0,0,0,0,0,0,0,0,122,12.3,59,16,57,0,59,11,0,0,0,0,0,0,13:49,0:00,0:00,43,70,1,6.90,
Connor Brown,Ottawa,RW,82,13,21,34,-34,4,0,2,2,0,0,0,0,0,3,0,139,9.4,17,13,21,0,21,2,0,0,0,0,0,0,12:47,0:18,0:00,44,78,1,6.83,
Adam Mascherin,Texas,LW,82,12,22,34,-28,8,0,0,0,0,0,0,0,1,2,0,89,13.5,102,8,2,0.00,25,4,0,0,0,0,0,0,12:33,0:02,0:00,41,69,0,6.93,
Michael Dal Colle,NY Islanders,LW,74,11,23,34,10,0,0,0,0,0,0,0,0,0,1,0,135,8.1,53,14,16,0,47,0,0,0,0,0,0,0,11:13,0:00,0:00,44,34,1,7.23,
David Backes,Boston,RW/C,82,9,25,34,-26,89,0,0,0,0,0,0,3,0,2,0,138,6.5,131,27,55,0.33,90,37,1,1,0,0,1,1,14:46,0:00,1:41,41,67,1,6.72,
Boo Nieves,NY Rangers,C/LW,71,6,28,34,-7,12,0,0,0,0,0,0,2,0,1,0,78,7.7,33,14,14,0.53,42,6,0,0,0,0,0,0,13:13,0:00,0:01,55,62,2,6.93,
Henri Jokiharju,Buffalo,RD/LD,82,4,30,34,18,8,0,3,3,0,0,0,0,0,0,0,110,3.6,20,28,108,0,101,4,0,0,0,0,0,0,16:49,0:46,0:20,80,62,0,7.21,
Dustin Byfuglien,Winnipeg,RD,81,4,30,34,-13,100,3,9,12,0,0,0,1,0,0,0,196,2.0,241,40,155,0,137,40,0,2,0,0,0,0,25:06,2:34,1:42,88,101,3,7.35,
Michal Kempný,Washington,LD/RD,71,3,31,34,49,34,0,6,6,0,0,0,1,0,0,0,105,2.9,57,40,142,0,101,17,0,0,0,0,0,0,22:20,1:11,1:32,108,59,1,7.24,
Tyler Ennis,Ottawa,LW/RW,63,17,16,33,-9,6,2,1,3,0,0,0,0,0,4,0,160,10.6,21,18,7,0,29,3,0,0,0,0,0,0,14:49,1:28,0:00,45,54,1,7.08,
Kyle Turris,Nashville,C,69,16,17,33,-13,20,0,0,0,0,0,0,4,0,2,0,96,16.7,28,4,29,0.52,21,10,0,0,0,0,0,0,13:07,0:00,0:01,43,56,0,6.64,
Kieffer Bellows,Bridgeport,LW/C,82,13,20,33,1,4,3,2,5,0,0,0,0,1,0,0,127,10.2,42,10,12,0.00,64,2,0,0,0,0,0,0,12:34,0:35,0:00,43,42,1,6.98,
Tyler Bertuzzi,Detroit,LW/RW,82,10,23,33,-24,24,2,3,5,0,0,0,0,0,2,0,90,11.1,136,19,11,0.08,47,12,0,0,0,0,0,0,14:27,0:43,1:10,40,64,2,6.91,
Juuso Välimäki,Stockton,LD/RD,81,6,27,33,-34,30,3,10,13,0,0,0,1,0,3,0,122,4.9,146,29,22,0,89,15,0,0,0,0,0,0,17:45,1:54,0:15,53,87,1,7.10,
David Savard,Columbus,RD/LD,82,5,28,33,3,22,1,5,6,0,0,0,2,1,0,0,120,4.2,103,45,96,0,110,11,0,0,0,0,0,0,21:49,1:06,1:02,100,97,0,6.98,
Radko Gudas,Washington,RD,61,5,28,33,27,77,3,8,11,0,0,0,0,0,0,0,68,7.4,51,35,116,0,86,31,1,1,0,0,1,1,21:04,1:08,1:42,81,54,1,6.80,
Ryan Pulock,NY Islanders,RD,47,4,29,33,13,10,2,6,8,0,0,0,1,0,1,0,146,2.7,68,35,116,0,92,5,0,0,0,0,0,0,28:42,2:15,1:40,70,57,2,7.60,
Christian Djoos,Washington,LD/RD,82,4,29,33,5,22,0,3,3,0,0,0,1,0,0,0,104,3.8,19,32,86,0,78,11,0,0,0,0,0,0,18:04,0:12,0:14,91,86,0,7.01,
Travis Sanheim,Vegas,LD/RD,80,4,29,33,22,28,0,5,5,0,0,0,1,0,0,0,119,3.4,108,34,92,0,162,14,0,0,0,0,0,0,20:55,0:51,2:52,84,62,0,7.31,
T.J. Tynan,Buffalo,C,79,17,15,32,-7,24,0,0,0,0,0,0,4,0,2,0,89,19.1,8,10,16,0.45,34,12,0,0,0,0,0,0,12:09,0:00,0:00,43,50,1,6.47,
Scott Laughton,Philadelphia,C,82,16,16,32,-17,58,0,0,0,2,0,2,3,0,2,0,112,14.3,98,10,28,0.60,54,24,0,1,0,0,0,0,14:29,0:05,1:49,41,58,2,6.49,
Warren Foegele,Chicago,LW,75,14,18,32,-5,7,0,0,0,0,0,0,3,0,4,0,160,8.8,27,13,19,0,32,1,1,0,0,0,1,0,11:43,0:00,0:00,44,49,2,7.27,
Filip Zadina,Detroit,LW/RW,79,14,18,32,-41,22,4,3,7,0,0,0,1,0,1,0,95,14.7,118,19,8,0,34,11,0,0,0,0,0,0,13:50,1:18,0:00,31,72,0,6.90,
Devin Shore,San Jose,LW/C/RW,78,14,18,32,-27,60,0,2,2,0,0,0,2,0,4,0,113,12.4,97,12,27,0.19,33,25,0,1,0,0,0,0,13:05,0:20,0:01,39,66,1,6.60,
Colton Sissons,Nashville,RW/C/LW,72,13,19,32,-1,17,0,0,0,0,0,0,4,0,2,0,181,7.2,52,14,42,0.43,31,6,1,0,0,0,1,0,12:41,0:00,0:00,42,43,0,7.07,
Jason Dickinson,Dallas,C/LW,81,13,19,32,-32,32,3,3,6,0,0,0,2,0,4,0,108,12.0,136,13,17,0.50,71,16,0,0,0,0,0,0,15:05,0:39,1:36,38,70,1,6.60,
Alex Iafallo,Los Angeles,LW/C,82,12,20,32,-57,48,1,0,1,0,0,0,0,0,0,0,129,9.3,112,22,13,0,25,24,0,0,0,0,0,0,13:46,0:19,0:00,34,91,1,6.80,
Brent Seabrook,Edmonton,RD,76,9,23,32,19,10,3,3,6,0,1,1,0,0,0,0,148,6.1,86,21,107,0.00,93,5,0,0,0,0,0,0,22:06,1:51,0:52,91,72,0,7.20,
Erik Johnson,Colorado,RD,65,7,25,32,23,20,3,7,10,0,0,0,2,0,2,0,108,6.5,83,22,121,0,110,10,0,0,0,0,0,0,22:31,3:33,0:50,78,55,1,7.29,
Mark Giordano,Calgary,LD/RD,82,6,26,32,-8,54,3,9,12,0,1,1,1,0,1,0,161,3.7,133,33,122,0,183,22,0,1,0,0,0,0,24:03,2:00,3:30,80,88,1,7.20,
Samuel Girard,Colorado,LD/RD,73,1,31,32,18,14,0,12,12,0,0,0,1,0,0,0,111,0.9,24,20,67,0,107,7,0,0,0,0,0,0,22:01,3:27,0:52,95,77,1,7.42,
Miro Heiskanen,Dallas,LD/RD,79,1,31,32,-20,26,1,7,8,0,0,0,1,0,1,0,109,0.9,76,23,61,0,136,13,0,0,0,0,0,0,19:58,0:57,0:35,71,91,1,7.27,
Sam Gagner,Philadelphia,RW/C,75,16,15,31,-1,14,1,0,1,0,0,0,2,0,3,0,150,10.7,58,8,5,0,18,7,0,0,0,0,0,0,12:16,1:07,0:00,42,43,1,7.19,
André Burakovsky,Edmonton,LW/RW,64,14,17,31,-8,2,2,2,4,0,0,0,1,0,1,0,122,11.5,31,8,5,0,11,1,0,0,0,0,0,0,13:19,0:53,0:00,41,49,0,7.17,
Trevor Lewis,Los Angeles,C/RW/LW,77,14,17,31,-33,26,2,6,8,0,0,0,0,0,2,0,185,7.6,140,28,14,0,18,13,0,0,0,0,0,0,14:17,2:05,0:06,34,67,1,6.83,
Dennis Cholowski,Detroit,LD,82,4,27,31,-36,54,3,10,13,0,0,0,0,0,3,0,102,3.9,102,43,32,0,152,27,0,0,0,0,0,0,19:32,1:41,1:50,50,86,0,7.07,
Jonas Brodin,Minnesota,LD/RD,76,3,28,31,22,8,1,2,3,0,0,0,0,0,0,0,106,2.8,76,34,129,0,110,4,0,0,0,0,0,0,20:56,1:34,1:00,85,63,1,7.17,
Tyler Pitlick,Philadelphia,RW/C,82,15,15,30,-20,30,0,0,0,0,0,0,2,0,2,0,180,8.3,110,10,14,0.00,28,15,0,0,0,0,0,0,12:51,0:00,0:03,47,67,1,7.04,
Nikolai Prokhorkin,Los Angeles,C,79,15,15,30,-38,82,1,0,1,0,0,0,2,0,1,0,94,16.0,133,8,11,0.51,52,36,0,1,0,0,0,0,13:04,0:09,0:00,39,77,0,6.37,
Justin Abdelkader,Detroit,LW/RW,81,13,17,30,-28,78,1,1,2,0,1,1,1,0,2,0,127,10.2,208,31,20,0,71,34,0,1,0,0,0,0,14:40,0:35,1:19,34,62,1,6.98,
Gabriel Dumont,Columbus,C/RW/LW,65,12,18,30,-24,38,0,0,0,0,0,0,1,0,1,0,112,10.7,22,11,56,0.48,44,14,0,1,0,0,0,0,13:52,0:00,0:00,44,68,2,6.46,
Maxime Comtois,Anaheim,LW,80,9,21,30,-29,36,3,1,4,0,0,0,1,1,1,0,122,7.4,183,16,24,0,17,18,0,0,0,0,0,0,13:17,0:38,0:00,38,67,1,7.01,
Evan Bouchard,Edmonton,RD/LD,73,6,24,30,12,8,0,2,2,0,0,0,1,0,2,0,109,5.5,32,14,36,0,55,4,0,0,0,0,0,0,15:50,0:31,0:00,82,70,2,7.18,
Quinn Hughes,Vancouver,LD,82,6,24,30,-12,22,5,10,15,0,0,0,0,0,2,0,96,6.3,55,29,10,0,113,11,0,0,0,0,0,0,17:41,2:10,0:44,56,68,1,7.05,
John Klingberg,Dallas,RD/LD,82,3,27,30,-37,16,1,14,15,0,1,1,0,0,0,0,156,1.9,91,36,74,0,144,8,0,0,0,0,0,0,22:05,2:05,2:20,61,98,0,7.22,
Brendan Smith,NY Rangers,LD/RD,81,3,27,30,17,60,0,0,0,0,0,0,0,0,0,0,79,3.8,51,55,93,0,86,30,0,0,0,0,0,0,18:17,0:00,0:54,92,75,1,6.74,
Travis Zajac,New Jersey,C,76,15,14,29,-2,34,0,0,0,0,1,1,1,0,3,0,79,19.0,93,20,37,0.61,109,17,0,0,0,0,0,0,16:18,0:09,3:19,49,51,0,6.49,
Andrew Cogliano,Dallas,LW,81,12,17,29,-20,16,0,0,0,0,0,0,0,0,1,0,116,10.3,59,20,23,0.00,21,8,0,0,0,0,0,0,12:08,0:02,0:04,36,56,2,6.81,
Anthony Duclair,Ottawa,RW/LW,54,11,18,29,-18,10,3,3,6,0,0,0,0,0,1,0,130,8.5,23,14,2,0.00,19,5,0,0,0,0,0,0,14:47,1:42,0:00,40,58,0,6.96,
Kyle Clifford,Los Angeles,LW,82,8,21,29,-22,91,0,0,0,0,0,0,0,0,1,0,82,9.8,145,17,19,0,28,28,1,3,0,0,1,0,12:34,0:00,0:00,39,61,1,6.70,
Nate Schmidt,Vegas,LD/RD,81,7,22,29,-17,18,2,11,13,0,0,0,1,1,0,0,151,4.6,109,55,98,0,224,9,0,0,0,0,0,0,24:58,1:29,4:20,65,82,0,7.11,
John Moore,Boston,LD,81,5,24,29,-13,50,0,3,3,0,0,0,0,0,1,0,102,4.9,127,61,105,0,113,25,0,0,0,0,0,0,19:58,1:02,1:47,68,81,1,6.93,
Sami Vatanen,Buffalo,RD,81,4,25,29,-24,18,3,8,11,0,0,0,1,1,1,0,110,3.6,108,31,96,0,143,9,0,0,0,0,0,0,20:13,1:37,1:33,61,85,1,7.26,
Derick Brassard,NY Islanders,C,82,17,11,28,14,12,0,0,0,0,0,0,3,0,3,0,125,13.6,28,10,24,0.53,38,6,0,0,0,0,0,0,12:35,0:00,0:00,50,36,1,6.55,
Dominik Kubalík,Rockford,LW,55,14,14,28,3,2,0,0,0,0,0,0,3,0,1,0,83,16.9,11,5,11,0.14,40,1,0,0,0,0,0,0,12:33,0:00,0:00,39,36,1,6.47,
Vladimír Sobotka,Montreal,C/LW/RW,63,14,14,28,4,20,0,0,0,0,0,0,1,0,2,0,100,14.0,30,21,50,0.62,47,10,0,0,0,0,0,0,14:20,0:00,0:51,45,41,1,6.75,
Brock McGinn,Carolina,LW/RW,67,13,15,28,-3,14,0,0,0,0,0,0,1,0,1,0,157,8.3,42,14,22,0,27,7,0,0,0,0,0,0,12:34,0:00,0:00,38,41,0,6.99,
Casey Cizikas,NY Islanders,C,66,13,15,28,-1,22,0,0,0,0,0,0,1,0,2,0,119,10.9,31,8,23,0.50,29,11,0,0,0,0,0,0,11:46,0:00,0:00,41,42,1,6.56,
Jeremy Bracco,Toronto,RW,63,10,18,28,0,12,0,0,0,0,0,0,1,0,1,0,75,13.3,32,12,2,0,13,6,0,0,0,0,0,0,12:07,0:08,0:00,37,37,3,7.14,
Andrew Copp,Winnipeg,C/LW,76,10,18,28,-21,14,0,0,0,0,0,0,2,0,1,0,93,10.8,33,9,22,0.54,40,7,0,0,0,0,0,0,12:02,0:00,0:00,34,55,0,6.47,
Chandler Stephenson,Washington,LW/C,76,9,19,28,-9,23,0,0,0,0,0,0,1,0,2,0,91,9.9,42,20,52,0.29,47,9,1,0,0,0,1,1,12:18,0:00,0:00,36,45,0,6.84,
Jakob Forsbacka-Karlsson,Edmonton,C/LW,82,8,20,28,-29,12,0,0,0,0,0,0,0,0,0,0,95,8.4,24,13,43,0.68,45,6,0,0,0,0,0,0,12:02,0:00,0:04,40,69,0,6.45,
Stephen Johns,Dallas,RD,82,4,24,28,-9,54,2,4,6,0,0,0,0,0,0,0,81,4.9,191,38,64,0,199,22,0,1,0,0,0,0,21:57,0:57,2:53,81,90,0,6.84,
P.K. Subban,New Jersey,RD/LD,82,4,24,28,-42,58,2,7,9,0,2,2,2,0,1,0,130,3.1,178,38,71,0,223,29,0,0,0,0,0,0,23:32,1:47,4:10,63,105,1,7.10,
Ivan Provorov,Philadelphia,LD,82,3,25,28,7,12,1,8,9,0,0,0,1,0,1,0,133,2.3,114,29,81,0,161,6,0,0,0,0,0,0,21:19,2:38,2:17,76,69,1,7.35,
Hampus Lindholm,Montreal,LD,80,2,26,28,-4,27,0,1,1,0,0,0,0,0,0,0,118,1.7,101,46,220,0,158,11,1,0,0,0,0,0,22:14,1:25,2:27,78,82,0,7.14,
Mike Green,Detroit,RD/LD,78,1,27,28,-44,38,1,10,11,0,0,0,0,0,0,0,102,1.0,193,45,45,0,206,19,0,0,0,0,0,0,24:52,1:41,3:54,54,98,0,7.05,
Peter Cehlárik,Boston,LW/RW,63,14,13,27,-16,6,1,4,5,0,0,0,2,2,1,0,95,14.7,67,22,4,0.00,24,3,0,0,0,0,0,0,12:38,0:33,0:02,30,46,0,6.98,
Travis Boyd,Washington,RW/C,61,13,14,27,9,4,1,0,1,0,0,0,2,0,2,0,92,14.1,41,13,5,0.15,24,2,0,0,0,0,0,0,12:26,0:07,0:00,42,33,1,6.98,
Thomas Vanek,New Jersey,LW/RW,66,13,14,27,-7,32,2,2,4,0,0,0,2,0,2,0,114,11.4,94,20,3,0.33,11,16,0,0,0,0,0,0,12:38,0:41,0:00,32,39,0,6.91,
Mark Jankowski,Calgary,C,81,13,14,27,-22,80,0,0,0,0,0,0,0,0,1,0,95,13.7,117,11,10,0.57,27,40,0,0,0,0,0,0,12:34,0:00,0:02,44,66,0,6.46,
Mike Ferrantino,Winnipeg,C,82,11,16,27,-20,12,0,0,0,0,0,0,1,0,1,0,69,15.9,21,14,5,0,27,6,0,0,0,0,0,0,12:58,0:00,0:02,39,59,0,6.65,
Carl Söderberg,Arizona,C,75,10,17,27,-1,6,0,0,0,0,0,0,2,0,3,0,85,11.8,41,8,59,0.53,66,3,0,0,0,0,0,0,13:01,0:00,0:16,37,38,1,6.49,
Zemgus Girgensons,St. Louis,LW/C,70,10,17,27,-6,12,0,0,0,0,0,0,2,0,3,0,122,8.2,38,15,58,0.19,29,6,0,0,0,0,0,0,13:04,0:00,0:15,41,47,1,6.80,
Jonny Brodzinski,San Jose,RW/C,67,9,18,27,-5,91,0,0,0,0,0,0,3,0,2,0,107,8.4,50,15,31,0,57,8,3,3,0,3,3,0,13:29,0:00,1:16,38,43,1,7.10,
Seth Griffith,Winnipeg,RW/C/LW,46,8,19,27,1,14,0,2,2,0,0,0,1,0,0,0,83,9.6,10,11,10,0,15,7,0,0,0,0,0,0,14:04,0:33,0:00,38,37,1,7.07,
Nick Jensen,Washington,LD/RD,77,4,23,27,-2,28,0,0,0,0,0,0,2,0,0,0,92,4.3,46,38,129,0,95,9,0,1,0,0,0,0,18:39,0:34,0:53,76,78,1,6.90,
Haydn Fleury,Carolina,LD,64,3,24,27,4,28,0,2,2,2,0,2,0,0,0,0,79,3.8,76,50,118,0,84,9,0,1,0,0,0,0,19:49,0:26,1:13,70,66,1,6.88,
Drew Doughty,Los Angeles,RD/LD,82,3,24,27,-34,44,2,8,10,0,0,0,1,0,1,0,139,2.2,137,41,93,0.14,202,17,0,1,0,0,0,0,24:10,2:20,4:01,58,92,1,7.07,
Brad Richardson,Arizona,C/LW,82,13,13,26,3,46,0,0,0,0,0,0,1,0,1,0,123,10.6,51,21,46,0.70,50,18,0,1,0,0,0,0,12:44,0:00,0:06,45,42,1,6.79,
Alex Tuch,Vegas,RW,72,12,14,26,-20,68,2,0,2,0,2,2,0,0,2,0,125,9.6,185,11,28,0.31,54,24,0,2,0,0,0,0,13:36,0:12,1:22,33,53,3,7.08,
Noel Acciari,Florida,RW/C,82,11,15,26,-19,10,0,0,0,0,0,0,0,0,1,0,125,8.8,66,20,80,0.08,51,5,0,0,0,0,0,0,13:19,0:00,1:00,34,53,0,6.76,
Denis Guryanov,Texas,RW/LW,72,11,15,26,-29,12,1,0,1,0,0,0,1,1,2,0,130,8.5,96,9,1,0,9,6,0,0,0,0,0,0,12:43,0:17,0:00,33,62,1,6.86,
Miles Wood,New Jersey,LW,74,11,15,26,-31,75,0,0,0,0,1,1,0,0,1,0,109,10.1,132,21,36,0.05,56,35,1,0,0,0,0,0,14:42,0:03,1:55,32,63,1,6.72,
Corey Perry,San Jose,RW,70,10,16,26,-16,94,0,0,0,0,0,0,1,0,1,0,98,10.2,85,16,18,0,34,17,2,3,0,2,2,1,13:31,0:19,0:36,37,53,1,6.84,
Drake Caggiula,Chicago,LW/RW/C,59,9,17,26,2,13,0,0,0,0,0,0,1,0,0,0,124,7.3,20,5,16,0.10,15,4,1,0,0,0,1,0,11:35,0:00,0:00,37,35,0,6.92,
Alex Killorn,Detroit,LW,76,9,17,26,-12,58,0,0,0,0,0,0,1,0,1,0,104,8.7,111,15,27,0.08,47,29,0,0,0,0,0,0,13:45,0:07,1:17,35,47,0,6.84,
Justin Holl,Toronto,RD,78,8,18,26,5,10,0,0,0,0,0,0,1,1,0,0,77,10.4,108,34,80,0,101,5,0,0,0,0,0,0,15:34,0:00,1:19,68,63,0,7.12,
Danton Heinen,Boston,C/LW/RW,82,8,18,26,-32,18,0,0,0,0,0,0,0,0,1,0,74,10.8,61,12,40,0.51,40,9,0,0,0,0,0,0,13:10,0:00,0:00,35,67,0,6.21,
Juuso Riikola,Pittsburgh,LD,82,8,18,26,6,24,5,2,7,0,0,0,2,0,0,0,99,8.1,85,23,33,0,68,12,0,0,0,0,0,0,18:20,1:18,0:00,77,71,1,7.06,
Aleksi Heponiemi,Florida,C,71,7,19,26,-8,2,1,0,1,0,0,0,1,0,0,0,68,10.3,7,11,7,0.54,24,1,0,0,0,0,0,0,12:19,0:02,0:00,31,39,1,6.79,
Otto Leskinen,Montreal,LD,47,6,20,26,-5,0,0,0,0,0,0,0,3,0,0,0,59,10.2,16,8,7,0,15,0,0,0,0,0,0,0,13:22,0:00,0:01,34,39,0,7.11,
Brayden McNabb,Vegas,LD,82,5,21,26,-20,54,2,6,8,0,1,1,0,0,1,0,83,6.0,169,37,72,0,173,22,0,1,0,0,0,0,21:07,0:54,3:16,61,81,2,6.89,
Mark Barberio,Colorado,LD/RD,53,4,22,26,18,10,2,3,5,0,0,0,0,0,0,0,60,6.7,46,15,17,0,67,5,0,0,0,0,0,0,20:06,1:44,0:23,68,50,1,7.21,
Chad Krys,Chicago,LD/RD,82,4,22,26,10,18,0,3,3,0,0,0,0,0,0,0,86,4.7,26,24,79,0,89,9,0,0,0,0,0,0,17:08,0:28,0:29,87,77,0,6.98,
Alex Goligoski,Arizona,LD,69,3,23,26,21,14,0,3,3,0,1,1,0,0,1,0,59,5.1,104,28,37,0,109,7,0,0,0,0,0,0,18:33,0:38,0:45,76,55,1,7.23,
Ryan Lindgren,NY Rangers,LD/RD,63,2,24,26,15,8,0,1,1,0,0,0,0,0,0,0,74,2.7,49,29,80,0,94,4,0,0,0,0,0,0,21:28,0:44,1:16,81,66,0,6.62,
Tyler Myers,Vancouver,RD,79,2,24,26,-10,94,1,7,8,0,0,0,0,0,0,0,88,2.3,211,54,147,0,215,32,2,1,1,0,0,0,25:52,1:33,2:23,77,87,1,6.94,
Brandon Tanev,Pittsburgh,LW/RW,82,14,11,25,-16,10,3,1,4,1,0,1,0,0,1,0,153,9.2,104,22,15,0,26,5,0,0,0,0,0,0,11:23,0:50,0:33,28,44,0,7.01,
Cody Eakin,Tampa Bay,C,79,12,13,25,-15,40,0,1,1,0,0,0,1,0,4,0,89,13.5,80,14,23,0.55,45,15,0,1,0,0,0,0,11:51,0:06,0:00,39,54,0,6.47,
Patric Hörnqvist,Pittsburgh,RW,26,11,14,25,13,0,0,1,1,0,0,0,1,0,0,0,79,13.9,45,6,11,0,19,0,0,0,0,0,0,0,17:51,1:25,0:36,32,19,1,7.96,
Justin Bailey,Vancouver,RW/LW,77,11,14,25,-19,60,0,0,0,0,0,0,3,0,1,0,127,8.7,179,30,23,0.23,23,20,0,2,0,0,0,0,15:12,0:14,0:00,36,55,1,6.87,
Sam Steel,Anaheim,C,72,10,15,25,-30,30,0,1,1,0,0,0,0,0,1,0,63,15.9,70,6,3,0.46,32,15,0,0,0,0,0,0,12:28,0:01,0:00,28,58,0,6.25,
Julien Gauthier,Charlotte,RW,47,9,16,25,9,16,3,2,5,0,0,0,2,0,1,0,92,9.8,52,16,5,0,20,8,0,0,0,0,0,0,13:22,0:49,0:00,31,22,1,7.17,
Dylan DeMelo,Ottawa,RD/LD,82,5,20,25,-21,30,2,5,7,0,0,0,1,0,2,0,109,4.6,78,43,138,0,136,15,0,0,0,0,0,0,21:38,1:51,1:24,70,91,0,6.91,
Josh Manson,Anaheim,RD,76,3,22,25,-51,68,1,8,9,0,0,0,1,0,1,0,77,3.9,210,44,91,0,163,34,0,0,0,0,0,0,22:11,0:53,2:51,57,108,0,6.71,
Esa Lindell,Dallas,LD,67,2,23,25,-14,16,2,9,11,0,1,1,1,0,0,0,136,1.5,122,28,68,0,137,8,0,0,0,0,0,0,21:53,2:14,2:21,51,65,0,7.27,
Adam Gaudette,Vancouver,C,70,13,11,24,-4,12,0,0,0,0,0,0,1,0,2,0,84,15.5,57,7,24,0.53,44,6,0,0,0,0,0,0,12:30,0:15,0:00,29,33,1,6.47,
Jordan Staal,Carolina,C,64,12,12,24,-20,20,0,0,0,0,1,1,3,0,0,0,60,20.0,60,9,86,0.66,68,10,0,0,0,0,0,0,15:13,0:00,1:39,37,57,0,6.67,
Martin Frk,Los Angeles,RW,82,12,12,24,-44,62,0,1,1,0,0,0,0,0,1,0,100,12.0,146,17,7,0,27,31,0,0,0,0,0,0,12:49,0:01,0:27,31,75,0,6.71,
Michael Rasmussen,Grand Rapids,C,76,12,12,24,-32,128,2,1,3,0,0,0,0,1,1,0,79,15.2,154,14,10,0.49,50,49,0,3,0,0,0,0,12:49,0:21,0:10,28,60,0,6.26,
Derek Grant,Buffalo,C/LW,65,11,13,24,-14,46,0,0,0,0,0,0,1,0,2,0,105,10.5,77,10,42,0.64,45,18,0,1,0,0,0,0,13:40,0:00,1:05,38,52,3,6.60,
Kyle Wood,Carolina,RD,82,8,16,24,-10,26,0,3,3,0,0,0,0,1,0,0,126,6.3,67,20,52,0,78,13,0,0,0,0,0,0,16:13,0:51,0:02,67,77,3,6.99,
Trevor van Riemsdyk,Carolina,RD/LD,82,3,21,24,-20,23,0,0,0,0,0,0,0,0,0,0,56,5.4,48,33,58,0,132,9,1,0,0,0,0,0,18:11,0:00,1:02,71,91,1,6.62,
T.J. Brodie,Calgary,LD/RD,82,2,22,24,-10,25,1,5,6,0,0,0,0,0,0,0,114,1.8,74,38,111,0,143,10,1,0,0,0,0,0,22:04,1:04,2:49,68,78,0,6.91,
Sven Bärtschi,Providence,LW/RW,63,9,14,23,-29,13,1,0,1,0,0,0,1,0,3,0,109,8.3,50,12,7,0,16,4,1,0,0,0,0,0,12:38,0:06,0:00,26,55,0,6.94,
Samuel Blais,St. Louis,LW/RW,81,8,15,23,-14,6,0,0,0,0,0,0,1,0,1,0,88,9.1,61,13,20,0.09,29,3,0,0,0,0,0,0,13:01,0:08,0:00,35,49,1,6.84,
Radek Faksa,Dallas,C,66,7,16,23,-18,36,0,0,0,0,0,0,1,0,1,0,89,7.9,107,8,34,0.58,31,13,0,1,0,0,0,0,12:46,0:00,0:16,36,54,0,6.58,
Matt Grzelcyk,Boston,LD,44,6,17,23,8,8,0,0,0,0,0,0,1,0,0,0,56,10.7,10,14,25,0,21,4,0,0,0,0,0,0,15:32,0:00,0:06,43,35,1,7.20,
Troy Stecher,Vancouver,RD,82,3,20,23,-12,28,0,7,7,0,0,0,0,0,1,0,84,3.6,90,19,56,0,92,14,0,0,0,0,0,0,16:53,1:02,0:36,59,71,0,7.10,
Nick Holden,Vegas,LD/RD,82,3,20,23,-22,28,1,9,10,0,1,1,0,1,0,0,85,3.5,154,33,44,0,138,14,0,0,0,0,0,0,18:40,0:50,2:10,46,68,0,6.77,
Jack Johnson,Pittsburgh,LD,82,2,21,23,-2,46,0,0,0,0,0,0,0,0,0,0,69,2.9,125,21,31,0,80,18,0,1,0,0,0,0,16:39,0:00,0:01,70,72,0,6.96,
Zdeno Chára,Boston,LD/RD,82,2,21,23,-21,58,0,4,4,0,0,0,0,0,1,0,113,1.8,111,42,148,0,183,24,0,1,0,0,0,0,20:56,0:49,2:13,64,85,0,6.71,
Nathan Beaulieu,Winnipeg,LD/RD,74,1,22,23,-11,32,0,2,2,0,0,0,0,0,0,0,61,1.6,29,21,95,0,54,11,0,1,0,0,0,0,14:58,0:24,0:06,58,69,0,6.91,
Jordan Martinook,Carolina,LW/C,51,10,12,22,11,10,0,1,1,0,0,0,1,0,1,0,70,14.3,37,13,23,0,26,5,0,0,0,0,0,0,12:35,0:16,0:00,33,22,0,6.96,
Dustin Brown,Los Angeles,RW/LW,67,10,12,22,-22,58,0,0,0,0,0,0,0,0,1,0,82,12.2,191,24,30,0.00,62,24,0,1,0,0,0,0,15:28,0:01,2:49,29,51,0,6.90,
Oula Palve,Pittsburgh,C,64,7,15,22,-7,4,0,2,2,0,0,0,1,0,0,0,63,11.1,21,3,1,0.41,17,2,0,0,0,0,0,0,11:16,1:07,0:00,29,36,0,6.45,
Xavier Ouellet,Edmonton,LD/RD,44,7,15,22,5,6,0,0,0,0,0,0,0,0,1,0,81,8.6,22,7,11,0,13,3,0,0,0,0,0,0,13:37,0:00,0:00,38,33,1,7.07,
Troy Terry,Anaheim,RW/C,77,7,15,22,-29,37,0,0,0,0,0,0,0,0,0,0,76,9.2,54,20,16,0.09,64,11,1,0,1,0,0,0,13:50,0:03,1:30,29,58,0,6.61,
Will Butcher,New Jersey,LD,82,3,19,22,-35,20,1,7,8,1,1,2,0,0,1,0,102,2.9,110,41,64,0,126,10,0,0,0,0,0,0,20:28,1:52,1:43,56,91,1,6.84,
Brenden Dillon,San Jose,LD,82,1,21,22,27,56,0,0,0,0,0,0,0,0,1,0,61,1.6,56,38,154,0.00,95,23,0,1,0,0,0,0,18:09,0:00,0:46,107,80,0,6.83,
Alexander Steen,St. Louis,RW/LW,82,12,9,21,-22,12,0,0,0,0,0,0,0,2,1,0,103,11.7,35,23,50,0.00,40,6,0,0,0,0,0,0,12:59,0:00,0:00,33,55,0,6.50,
Frans Nielsen,Detroit,C,78,11,10,21,-29,36,2,1,3,0,0,0,0,0,1,0,85,12.9,60,8,16,0.54,76,18,0,0,0,0,0,0,13:47,0:36,0:38,23,52,1,6.32,
Jordan Kyrou,St. Louis,RW/C,80,10,11,21,-22,14,0,1,1,0,0,0,2,0,1,0,95,10.5,12,18,12,0.11,34,7,0,0,0,0,0,0,12:23,0:06,0:00,28,50,0,6.57,
Jordan Szwarz,Ottawa,RW/C,51,9,12,21,-24,12,0,0,0,0,0,0,2,0,1,0,78,11.5,20,15,16,0,26,6,0,0,0,0,0,0,12:14,0:00,0:00,27,51,2,6.73,
Tye Felhaber,Texas,LW/C,56,9,12,21,-30,20,0,0,0,0,0,0,1,0,1,0,99,9.1,36,20,3,0,15,10,0,0,0,0,0,0,11:57,0:00,0:00,24,54,1,6.68,
Brandon Pirri,Vegas,LW/RW/C,78,8,13,21,-22,34,1,0,1,0,0,0,0,0,1,0,68,11.8,82,14,5,0.08,31,17,0,0,0,0,0,0,11:13,0:04,0:00,26,48,0,6.74,
Nick Merkley,Arizona,RW/C,58,7,14,21,-9,0,0,0,0,0,0,0,1,0,1,0,75,9.3,24,2,6,0.19,24,0,0,0,0,0,0,0,11:39,0:00,0:00,29,38,0,6.47,
Maxim Letunov,San Jose,C,59,7,14,21,-6,20,0,0,0,0,0,0,1,0,1,0,69,10.1,16,3,3,0.43,44,5,0,1,0,0,0,0,12:49,0:00,0:00,30,36,0,6.10,
Robert Thomas,San Antonio,RW/C,64,7,14,21,-12,20,0,0,0,0,0,0,1,0,0,0,44,15.9,28,5,26,0.15,30,10,0,0,0,0,0,0,12:03,0:00,0:00,28,40,0,6.14,
Micheal Ferland,Vancouver,LW/RW,43,7,14,21,-22,22,2,5,7,0,0,0,1,0,1,0,96,7.3,133,24,13,0,63,11,0,0,0,0,0,0,18:49,1:11,2:44,16,38,0,6.95,
Lawrence Pilut,Buffalo,LD/RD,64,5,16,21,12,6,0,0,0,0,0,0,0,0,2,0,98,5.1,21,21,32,0,66,3,0,0,0,0,0,0,17:03,0:22,0:02,70,58,0,7.03,
Austin Czarnik,Calgary,C/RW,80,5,16,21,-22,16,0,0,0,0,0,0,0,1,0,0,59,8.5,54,16,6,0.44,17,8,0,0,0,0,0,0,13:02,0:00,0:00,27,49,0,6.53,
Joel Persson,Edmonton,RD,68,4,17,21,15,4,0,1,1,0,0,0,1,0,0,0,91,4.4,17,9,25,0,51,2,0,0,0,0,0,0,16:00,0:26,0:00,75,60,0,7.03,
Philippe Myers,Lehigh Valley,RD,82,3,18,21,-15,26,0,0,0,0,1,1,0,0,1,0,73,4.1,134,16,29,0,101,13,0,0,0,0,0,0,15:38,0:01,0:21,54,69,0,6.87,
Cody Ceci,Toronto,RD/LD,82,2,19,21,13,16,0,2,2,0,0,0,0,0,0,0,80,2.5,141,20,30,0,85,8,0,0,0,0,0,0,14:18,0:14,0:16,73,60,0,7.34,
Michael Stone,Minnesota,RD/LD,73,2,19,21,-2,28,0,0,0,0,0,0,0,0,0,0,56,3.6,50,35,97,0,83,9,0,1,0,0,0,0,17:31,0:01,0:22,68,70,0,6.74,
Alex Petrovic,Ottawa,RD/LD,82,2,19,21,-40,98,0,0,0,0,0,0,0,0,0,0,55,3.6,49,45,100,0,148,34,0,3,0,0,0,0,19:08,0:00,1:33,74,114,0,6.29,
Garrett Pilon,Hershey,C,51,11,9,20,-1,12,0,0,0,0,0,0,3,0,1,0,42,26.2,17,6,5,0.30,23,6,0,0,0,0,0,0,12:05,0:00,0:00,31,32,1,6.18,
Michael Amadio,Los Angeles,C,78,10,10,20,-47,98,0,0,0,0,0,0,1,0,2,0,59,16.9,108,9,16,0.33,35,49,0,0,0,0,0,0,11:48,0:00,0:00,28,75,0,5.90,
Zachary Aston-Reese,Pittsburgh,LW/C,82,9,11,20,-20,4,0,0,0,0,0,0,0,0,0,0,83,10.8,63,17,9,0.00,30,2,0,0,0,0,0,0,8:51,0:00,0:48,30,50,0,6.93,
Nic Petan,Syracuse,C/LW/RW,52,8,12,20,-11,14,0,0,0,0,0,0,2,0,1,0,53,15.1,24,5,6,0.54,18,7,0,0,0,0,0,0,12:03,0:00,0:00,24,35,0,6.52,
Adam Erne,Detroit,LW/RW,82,8,12,20,-31,44,0,0,0,0,0,0,0,0,1,0,106,7.5,181,36,21,0,21,22,0,0,0,0,0,0,12:42,0:19,0:21,30,61,0,6.71,
Tomás Nosek,Vegas,LW/C,66,8,12,20,-23,58,0,0,0,0,0,0,1,0,3,0,51,15.7,85,8,10,0.12,38,29,0,0,0,0,0,0,11:30,0:00,0:00,29,52,0,6.36,
Dominik Simon,Pittsburgh,LW/C,79,7,13,20,-16,26,0,0,0,0,0,0,1,0,1,0,56,12.5,48,13,2,0,16,8,0,1,0,0,0,0,7:41,0:00,0:00,26,42,0,6.97,
Joakim Ryan,Los Angeles,LD/RD,82,4,16,20,-57,38,0,0,0,0,0,0,0,0,1,0,67,6.0,94,45,65,0,207,19,0,0,0,0,0,0,22:12,0:04,3:29,60,117,0,6.52,
Alec Martinez,Los Angeles,LD/RD,65,3,17,20,-41,26,2,10,12,0,0,0,0,0,1,0,82,3.7,116,41,88,0,158,13,0,0,0,0,0,0,22:28,1:49,4:19,44,85,0,6.89,
Olli Määttä,Anaheim,LD,58,2,18,20,-17,16,1,3,4,0,0,0,1,0,0,0,97,2.1,84,29,43,0,157,8,0,0,0,0,0,0,22:56,1:11,3:23,51,68,2,7.12,
Kevin Connauton,St. Louis,LD,68,2,18,20,7,20,0,1,1,0,0,0,1,0,1,0,65,3.1,51,17,89,0,86,10,0,0,0,0,0,0,17:12,0:23,0:43,60,53,1,6.99,
Matt Benning,Edmonton,RD,65,2,18,20,21,26,0,0,0,0,0,0,1,0,0,0,64,3.1,41,22,87,0,105,13,0,0,0,0,0,0,18:02,0:00,0:30,81,60,1,7.08,
Andy Greene,Tampa Bay,LD/RD,81,2,18,20,-12,36,0,1,1,0,0,0,0,0,1,0,103,1.9,95,59,103,0,230,18,0,0,0,0,0,0,21:25,0:39,3:19,77,89,0,6.79,
Ryan Murray,Columbus,LD/RD,59,1,19,20,7,10,0,1,1,0,0,0,1,0,0,0,76,1.3,50,27,126,0,90,5,0,0,0,0,0,0,20:50,0:13,1:00,62,55,0,7.15,
Jake McCabe,Buffalo,LD,79,1,19,20,17,24,0,0,0,0,0,0,0,0,0,0,43,2.3,42,20,88,0,76,7,0,1,0,0,0,0,13:18,0:00,0:44,55,38,0,6.94,
Brandon Carlo,Boston,RD,82,1,19,20,-1,42,0,0,0,0,0,0,0,0,0,0,39,2.6,109,52,166,0,193,21,0,0,0,0,0,0,19:53,0:06,2:24,72,73,0,6.78,
Cody Glass,Chicago,C,74,12,7,19,-13,16,1,2,3,0,0,0,0,1,3,0,74,16.2,42,9,4,0.44,53,8,0,0,0,0,0,0,11:49,0:21,0:03,32,45,0,6.30,
Brandon Sutter,Vancouver,C,71,8,11,19,-18,42,0,0,0,0,0,0,1,0,3,0,69,11.6,62,5,20,0.60,31,21,0,0,0,0,0,0,12:36,0:00,0:00,32,50,0,6.20,
Oskar Sundqvist,St. Louis,C,76,8,11,19,-27,66,0,0,0,0,0,0,1,0,0,0,80,10.0,88,12,29,0.49,50,23,0,2,0,0,0,0,13:35,0:00,0:03,27,54,0,6.08,
Rasmus Andersson,Calgary,RD,77,4,15,19,-37,30,1,2,3,0,1,1,0,0,0,0,89,4.5,150,19,35,0,105,15,0,0,0,0,0,0,17:42,0:48,0:46,46,83,1,6.86,
Andreas Martinsen,Anaheim,LW/RW,58,3,16,19,-25,30,0,0,0,0,0,0,0,0,0,0,67,4.5,155,15,6,0.29,15,15,0,0,0,0,0,0,12:21,0:02,0:20,22,47,0,6.90,
Dan Hamhuis,Nashville,LD,79,2,17,19,-17,14,0,0,0,0,0,0,1,0,1,0,56,3.6,38,20,120,0,73,7,0,0,0,0,0,0,15:13,0:01,0:07,63,80,0,6.72,
Michael Del Zotto,Edmonton,LD,73,2,17,19,-16,16,0,0,0,0,0,0,1,0,0,0,71,2.8,47,16,36,0,56,8,0,0,0,0,0,0,13:26,0:23,0:24,49,65,0,6.84,
Noah Dobson,Bridgeport,RD/LD,78,1,18,19,-2,14,1,3,4,0,0,0,1,0,0,0,76,1.3,25,29,20,0,85,7,0,0,0,0,0,0,15:05,0:56,1:16,55,57,0,6.91,
Josh Brook,Montreal,RD,53,0,19,19,10,26,0,2,2,0,0,0,0,0,0,0,44,0.0,24,15,16,0,62,8,0,1,0,0,0,0,18:42,0:47,0:13,67,57,0,7.02,
Jared McCann,Pittsburgh,LW/C,82,11,7,18,-12,2,0,0,0,0,0,0,0,0,0,0,111,9.9,61,9,9,0,21,1,0,0,0,0,0,0,9:29,0:00,0:00,29,41,0,6.98,
Frank Vatrano,Florida,RW/LW/C,45,9,9,18,-10,8,0,0,0,0,0,0,0,0,0,0,68,13.2,14,10,5,0.16,13,4,0,0,0,0,0,0,12:21,0:00,0:00,24,34,0,6.71,
William Carrier,Vegas,LW/RW,56,8,10,18,-5,83,0,1,1,0,0,0,1,0,2,0,58,13.8,118,22,17,0.29,29,29,1,1,0,1,0,0,11:49,0:01,0:05,24,29,2,6.84,
Nick Bjugstad,Pittsburgh,C/RW,82,7,11,18,-15,6,0,0,0,0,0,0,0,0,2,0,66,10.6,97,12,16,0.56,45,3,0,0,0,0,0,0,9:21,0:00,1:01,29,44,0,6.65,
Ryan O'Reilly,St. Louis,C,21,6,12,18,3,0,2,3,5,0,0,0,1,0,1,0,36,16.7,17,7,27,0.63,20,0,0,0,0,0,0,0,18:39,2:00,3:14,16,13,1,7.62,
Scott Mayfield,NY Islanders,RD,63,5,13,18,0,74,0,0,0,0,0,0,0,0,0,0,60,8.3,110,25,36,0.04,61,27,0,2,0,0,0,0,14:09,0:00,0:49,40,40,0,6.78,
Marcus Krüger,Columbus,C,65,4,14,18,-24,10,0,0,0,0,0,0,1,0,0,0,71,5.6,31,23,32,0.58,76,5,0,0,0,0,0,0,15:37,0:00,1:22,38,62,0,5.92,
David Kämpf,Chicago,C/RW,61,3,15,18,-9,2,0,0,0,0,0,0,1,0,1,0,49,6.1,12,4,23,0.53,30,1,0,0,0,0,0,0,11:33,0:00,0:00,33,42,1,6.43,
Trevor Murphy,Colorado,LD,45,1,17,18,9,12,0,2,2,0,0,0,0,0,0,0,38,2.6,9,9,10,0,51,6,0,0,0,0,0,0,18:32,1:46,0:06,52,43,0,6.96,
Joel Farabee,Lehigh Valley,LW,48,9,8,17,-2,14,3,0,3,0,0,0,1,0,2,0,98,9.2,31,11,4,0,16,7,0,0,0,0,0,0,12:46,0:25,0:00,19,21,1,7.00,
Jacob de la Rose,Detroit,LW/C,80,8,9,17,-36,44,0,0,0,1,0,1,0,0,0,0,87,9.2,162,20,28,0.18,69,22,0,0,0,0,0,0,13:09,0:00,1:07,26,62,0,6.54,
Jujhar Khaira,Anaheim,C/LW,29,6,11,17,-8,16,0,0,0,0,0,0,0,0,0,0,59,10.2,58,3,7,0.38,23,8,0,0,0,0,0,0,14:08,0:08,1:27,17,25,1,7.03,
Nick Paul,Ottawa,LW,27,4,13,17,-9,6,0,0,0,0,0,0,0,0,1,0,42,9.5,15,6,11,0,20,3,0,0,0,0,0,0,13:10,0:00,0:04,26,35,1,6.96,
Gustav Forsling,Carolina,LD,40,3,14,17,2,10,1,6,7,0,0,0,1,0,0,0,56,5.4,23,14,18,0,53,5,0,0,0,0,0,0,18:33,1:55,0:29,39,37,1,7.03,
Riley Barber,Anaheim,RW,40,3,14,17,-8,18,0,0,0,0,0,0,0,0,0,0,46,6.5,42,7,0,0,9,9,0,0,0,0,0,0,11:57,0:00,0:00,21,29,0,6.95,
Trevor Daley,Detroit,LD/RD,76,3,14,17,-26,44,0,4,4,0,0,0,1,0,1,0,78,3.8,96,35,41,0,148,22,0,0,0,0,0,0,19:17,0:49,2:27,48,74,0,6.64,
Dion Phaneuf,Ottawa,LD/RD,67,1,16,17,-36,60,0,2,2,0,0,0,0,0,0,0,41,2.4,65,34,55,0,101,25,0,1,0,0,0,0,20:16,0:56,1:48,64,100,0,6.24,
Dominic Toninato,Florida,C,42,7,9,16,1,8,1,0,1,0,0,0,3,0,5,0,61,11.5,13,4,8,0.47,26,4,0,0,0,0,0,0,12:54,0:06,0:00,19,18,1,6.55,
Barclay Goodrow,San Jose,C/LW/RW,41,5,11,16,-14,2,0,0,0,0,0,0,1,0,0,0,73,6.8,27,7,26,0.37,12,1,0,0,0,0,0,0,12:47,0:00,0:14,17,31,0,6.93,
Nicolas Meloche,Colorado,RD,33,4,12,16,-2,14,1,1,2,0,0,0,1,0,0,0,58,6.9,10,11,13,0,27,7,0,0,0,0,0,0,17:19,0:36,0:03,39,41,1,7.09,
Braydon Coburn,Syracuse,LD/RD,51,2,14,16,9,48,0,0,0,0,0,0,2,0,2,0,51,3.9,103,28,32,0,74,19,0,1,0,0,0,0,16:58,0:00,0:22,56,47,0,6.84,
MacKenzie Weegar,Florida,RD,79,1,15,16,-3,32,0,0,0,0,0,0,0,0,0,0,51,2.0,33,25,61,0,89,16,0,0,0,0,0,0,14:39,0:00,0:09,62,65,0,7.00,
Ben Gleason,Texas,LD,56,0,16,16,-16,36,0,1,1,0,0,0,0,0,0,0,42,0.0,61,22,23,0,74,18,0,0,0,0,0,0,17:27,0:13,0:16,51,67,0,6.71,
Riley Nash,Columbus,RW/C,46,9,6,15,-32,16,0,0,0,0,0,0,1,0,1,0,65,13.8,25,12,12,0.21,36,8,0,0,0,0,0,0,14:19,0:00,1:31,17,49,0,6.30,
Remi Elie,Buffalo,LW,54,7,8,15,-4,4,0,0,0,0,0,0,2,0,1,0,79,8.9,37,11,15,0,30,2,0,0,0,0,0,0,11:26,0:00,0:00,27,31,0,7.15,
Matthew Peca,Laval,C,29,6,9,15,-11,2,0,0,0,0,0,0,2,0,0,0,28,21.4,21,4,10,0.50,21,1,0,0,0,0,0,0,13:20,0:00,0:47,19,30,0,6.55,
Victor Olofsson,Binghamton,RW/LW,37,6,9,15,-15,6,1,1,2,0,0,0,2,0,1,0,59,10.2,24,6,1,0,12,3,0,0,0,0,0,0,13:01,0:39,0:00,17,32,0,6.86,
Taylor Raddysh,Syracuse,RW/C,36,6,9,15,-3,8,0,0,0,0,0,0,0,0,0,0,64,9.4,58,9,3,0,10,4,0,0,0,0,0,0,12:20,0:00,0:00,19,22,0,7.03,
Jesper Boqvist,Rochester,C/LW,58,6,9,15,-22,27,0,0,0,0,0,0,1,0,2,0,71,8.5,34,10,7,0.47,36,11,1,0,0,0,0,0,12:23,0:00,0:00,23,45,0,6.34,
Ethan Prow,Florida,RD/LD,82,4,11,15,-12,6,0,0,0,0,0,0,0,0,1,0,92,4.3,43,21,19,0,53,3,0,0,0,0,0,0,14:12,0:00,0:04,50,62,1,6.79,
Cédric Paquette,Philadelphia,C/LW,59,3,12,15,-20,16,0,0,0,0,0,0,1,0,0,0,94,3.2,47,7,14,0.51,11,8,0,0,0,0,0,0,11:45,0:00,0:00,21,41,0,6.47,
Damon Severson,New Jersey,RD,70,3,12,15,-18,32,1,0,1,0,0,0,0,0,1,0,52,5.8,134,24,53,0,136,16,0,0,0,0,0,0,18:57,0:23,2:10,49,67,0,6.89,
Niklas Hjalmarsson,Arizona,LD/RD,82,3,12,15,17,54,0,0,0,0,0,0,0,0,1,0,68,4.4,113,47,113,0,161,12,4,1,0,0,4,4,19:29,0:08,1:42,87,70,0,6.84,
Marc Staal,NY Rangers,LD,40,2,13,15,6,4,1,3,4,0,0,0,0,1,0,0,48,4.2,44,24,105,0,72,2,0,0,0,0,0,0,20:57,1:11,1:47,46,40,1,6.97,
Noah Hanifin,Calgary,LD,79,2,13,15,-36,18,0,1,1,0,1,1,0,0,1,0,88,2.3,143,34,91,0,163,9,0,0,0,0,0,0,20:46,0:13,2:55,44,80,1,6.95,
Robert Hägg,Anaheim,LD,60,2,13,15,-29,29,0,0,0,0,0,0,0,0,0,0,51,3.9,82,29,67,0.00,110,12,1,0,0,0,0,0,17:56,0:02,2:02,38,67,0,6.58,
Jamie Oleksiak,Dallas,LD,68,1,14,15,-31,34,0,0,0,0,0,0,0,0,1,0,36,2.8,153,43,65,0,160,17,0,0,0,0,0,0,20:03,0:00,3:10,53,84,0,6.60,
Steven Santini,Nashville,RD,60,1,14,15,-2,40,0,0,0,0,0,0,0,0,0,0,40,2.5,32,24,82,0,69,20,0,0,0,0,0,0,15:58,0:00,0:44,54,56,0,6.67,
Travis Hamonic,Calgary,RD,76,1,14,15,-24,66,0,1,1,0,3,3,0,0,1,0,72,1.4,137,41,64,0,183,28,0,1,0,0,0,0,20:15,0:10,3:22,54,78,0,6.61,
Derek Forbort,Los Angeles,LD,79,0,15,15,-41,79,0,2,2,0,0,0,0,0,0,0,65,0.0,146,52,69,0,156,27,1,1,1,0,0,0,19:55,0:50,3:03,51,92,0,6.46,
Riley Tufte,Texas,LW,56,8,6,14,-33,22,0,0,0,0,0,0,1,0,1,0,76,10.5,70,4,2,0,15,11,0,0,0,0,0,0,12:29,0:00,0:02,19,52,0,6.55,
Jordan Eberle,NY Islanders,RW,29,4,10,14,-2,0,0,1,1,0,0,0,1,0,0,0,92,4.3,8,5,8,0,10,0,0,0,0,0,0,0,14:04,0:43,0:41,18,20,1,7.17,
Kevan Miller,Boston,RD,73,4,10,14,-28,18,0,0,0,0,0,0,1,0,2,0,69,5.8,91,29,58,0,79,9,0,0,0,0,0,0,15:52,0:00,0:56,38,66,0,6.59,
Andrew MacDonald,Columbus,RD/LD,73,2,12,14,-21,30,0,0,0,0,0,0,0,0,1,0,45,4.4,35,40,108,0,77,15,0,0,0,0,0,0,17:54,0:00,0:09,72,93,0,6.40,
Mirco Müller,New Jersey,LD/RD,76,2,12,14,-27,36,0,0,0,0,0,0,0,0,0,0,56,3.6,105,30,85,0,96,13,0,1,0,0,0,0,16:46,0:03,1:07,41,68,0,6.71,
Mikey Anderson,Ontario,LD/RD,82,1,13,14,-58,38,0,3,3,0,0,0,0,0,1,0,64,1.6,89,27,16,0,101,19,0,0,0,0,0,0,17:45,0:57,0:22,50,108,0,6.40,
Brett Howden,NY Rangers,C,21,6,7,13,-1,0,0,0,0,0,0,0,1,0,0,0,38,15.8,8,5,8,0.54,15,0,0,0,0,0,0,0,12:39,0:00,0:00,17,18,0,7.00,
John Hayden,New Jersey,RW/LW,69,6,7,13,-31,28,0,0,0,0,0,0,1,0,1,0,56,10.7,149,12,17,0.22,30,14,0,0,0,0,0,0,11:31,0:00,0:00,20,51,0,6.81,
Valtteri Filppula,Detroit,C/LW,78,5,8,13,-36,26,0,0,0,0,0,0,0,0,2,0,70,7.1,70,10,18,0.59,27,13,0,0,0,0,0,0,11:41,0:00,0:02,19,55,0,6.40,
Kirby Dach,Saskatoon,C,23,4,9,13,6,2,0,0,0,0,0,0,2,0,0,0,30,13.3,13,6,11,0.49,12,1,0,0,0,0,0,0,13:09,0:00,0:36,19,13,0,6.74,
Mikhail Vorobyov,Lehigh Valley,C,39,4,9,13,-1,24,0,0,0,0,0,0,0,0,1,0,41,9.8,33,2,3,0.52,15,7,0,1,0,0,0,0,12:01,0:00,0:00,19,20,0,6.44,
Filip Hronek,Grand Rapids,RD/LD,68,2,11,13,-36,38,0,2,2,0,0,0,0,0,0,0,51,3.9,84,20,9,0,97,19,0,0,0,0,0,0,16:34,0:44,0:17,31,67,0,6.75,
Jacob MacDonald,Colorado,LD,40,1,12,13,-3,6,1,3,4,0,0,0,0,0,0,0,59,1.7,22,17,27,0,45,3,0,0,0,0,0,0,19:50,1:49,0:11,45,48,0,7.07,
Mitch Reinke,St. Louis,RD,79,0,13,13,-13,16,0,0,0,0,0,0,0,0,0,0,44,0.0,17,19,23,0,60,8,0,0,0,0,0,0,14:24,0:00,0:11,49,62,0,6.67,
Chris Tanev,Vancouver,RD,82,0,13,13,-29,32,0,1,1,0,0,0,0,0,0,0,61,0.0,91,54,177,0,225,16,0,0,0,0,0,0,22:16,0:05,3:02,63,92,0,6.67,
Patrick Marleau,Colorado,LW,29,6,6,12,-7,0,1,0,1,0,0,0,2,0,0,0,49,12.2,25,4,7,0.00,18,0,0,0,0,0,0,0,12:42,0:26,0:00,20,27,2,7.03,
Joel Edmundson,St. Louis,LD,40,1,11,12,-6,28,1,1,2,0,0,0,0,0,0,0,25,4.0,77,23,49,0,77,14,0,0,0,0,0,0,17:40,0:10,2:51,30,36,0,6.68,
Jacob Larsson,Anaheim,LD/RD,39,0,12,12,-22,32,0,6,6,0,1,1,0,0,0,0,34,0.0,60,19,20,0,91,11,0,1,0,0,0,0,21:53,1:56,3:04,33,55,0,6.56,
Michael Chaput,Arizona,C,28,5,6,11,-1,6,0,0,0,0,0,0,1,0,0,0,40,12.5,8,2,10,0.58,19,3,0,0,0,0,0,0,12:52,0:00,0:00,16,17,0,6.43,
Antoine Roussel,Vancouver,LW,21,4,7,11,-3,18,0,1,1,0,0,0,0,0,0,0,33,12.1,33,8,9,0,15,9,0,0,0,0,0,0,13:58,0:22,0:17,13,16,0,6.90,
Dillon Dubé,Stockton,C/RW,82,4,7,11,-34,79,0,0,0,0,0,0,0,0,1,0,70,5.7,90,8,10,0.49,44,32,1,1,0,0,0,0,11:40,0:00,0:00,19,53,0,6.18,
Valeri Nichushkin,Colorado,LW/RW,32,3,8,11,-12,6,0,0,0,0,0,0,0,0,0,0,62,4.8,26,8,4,0,10,3,0,0,0,0,0,0,13:50,0:43,0:00,20,32,0,6.78,
Mark Letestu,Manitoba,C,53,3,8,11,-21,16,0,0,0,0,0,0,0,0,0,0,62,4.8,35,11,31,0.48,29,8,0,0,0,0,0,0,12:40,0:00,0:00,19,40,0,6.32,
Alexander Edler,Vancouver,LD/RD,62,3,8,11,-40,40,1,5,6,0,0,0,1,0,0,0,73,4.1,147,38,83,0,175,15,0,1,0,0,0,0,25:40,0:57,3:09,38,78,0,6.77,
Zach Osburn,Laval,RD/LD,30,2,9,11,-5,4,0,0,0,0,0,0,0,0,0,0,28,7.1,11,4,1,0,16,2,0,0,0,0,0,0,12:58,0:12,0:00,24,29,0,6.80,
Ben Chiarot,Laval,LD,33,0,11,11,3,2,0,0,0,0,0,0,0,0,0,0,32,0.0,26,14,59,0,54,1,0,0,0,0,0,0,18:57,0:00,0:58,32,29,0,6.76,
Dan Girardi,San Diego,RD,48,0,11,11,-21,16,0,1,1,0,0,0,0,0,0,0,28,0.0,111,18,32,0,98,8,0,0,0,0,0,0,19:43,0:48,2:21,37,58,0,6.71,
Jordie Benn,Vancouver,LD/RD,62,0,11,11,-5,20,0,0,0,0,1,1,0,0,0,0,40,0.0,80,26,57,0,102,10,0,0,0,0,0,0,15:48,0:00,2:30,35,40,1,6.73,
Louis Belpedio,Minnesota,RD,60,0,11,11,-5,26,0,0,0,0,0,0,0,0,0,0,58,0.0,57,18,55,0,66,8,0,1,0,0,0,0,18:22,0:02,0:19,57,62,0,6.70,
Paul LaDue,Los Angeles,RD,82,0,11,11,-53,50,0,1,1,0,0,0,0,0,0,0,68,0.0,110,38,51,0,125,25,0,0,0,0,0,0,19:24,0:49,1:39,55,108,0,6.39,
Nicolas Aubé-Kubel,Philadelphia,RW,28,6,4,10,-3,14,0,0,0,0,0,0,1,0,0,0,50,12.0,17,5,2,0.00,11,7,0,0,0,0,0,0,11:40,0:17,0:00,13,16,0,6.96,
Darren Helm,Detroit,LW/C,60,6,4,10,-23,38,0,0,0,0,0,0,0,0,0,0,74,8.1,71,12,15,0.18,26,14,0,1,0,0,0,0,11:57,0:00,0:03,17,40,0,6.33,
Jay Beagle,Vancouver,C/RW,21,5,5,10,1,11,0,0,0,0,1,1,0,0,1,0,22,22.7,16,4,23,0.72,25,3,1,0,0,0,1,0,14:40,0:02,1:54,15,14,0,6.38,
Matt Donovan,Nashville,LD/RD,45,1,9,10,11,6,0,2,2,0,0,0,1,0,1,0,42,2.4,23,9,8,0,33,3,0,0,0,0,0,0,16:33,1:12,0:05,43,32,0,6.84,
Oliwer Kaski,Detroit,RD,61,1,9,10,-25,20,0,1,1,0,0,0,0,0,0,0,38,2.6,60,18,19,0,71,10,0,0,0,0,0,0,15:44,0:27,0:34,28,53,0,6.61,
Danny DeKeyser,Detroit,LD,65,0,10,10,-29,16,0,0,0,0,1,1,0,0,0,0,39,0.0,96,52,83,0,155,8,0,0,0,0,0,0,20:23,0:04,4:11,29,58,0,6.42,
Travis Dermott,Toronto,RD,50,0,10,10,2,28,0,0,0,0,0,0,0,0,0,0,49,0.0,67,5,12,0,47,9,0,1,0,0,0,0,14:17,0:03,0:17,40,38,0,7.10,
Blake Coleman,New Jersey,C/LW/RW,60,4,5,9,-34,50,0,0,0,0,0,0,0,0,0,0,49,8.2,73,6,8,0.56,30,20,0,1,0,0,0,0,11:46,0:00,0:00,15,49,0,6.33,
Boris Katchouk,Syracuse,LW/RW,34,3,6,9,0,6,0,0,0,0,0,0,1,0,0,0,65,4.6,28,9,3,0,12,3,0,0,0,0,0,0,12:01,0:00,0:00,16,16,0,6.88,
Jesse Puljujärvi,Edmonton,RW,22,2,7,9,3,2,0,1,1,0,0,0,0,0,0,0,50,4.0,19,5,5,0,6,1,0,0,0,0,0,0,11:54,0:40,0:00,13,10,0,7.27,
John Nyberg,San Diego,LD,54,1,8,9,-28,10,0,0,0,0,0,0,0,0,0,0,35,2.9,46,13,2,0,62,5,0,0,0,0,0,0,17:41,0:00,0:57,35,63,0,6.30,
Martin Marincin,Toronto,LD,32,1,8,9,12,20,0,0,0,0,0,0,0,0,0,0,23,4.3,55,8,24,0,41,5,0,1,0,0,0,0,14:20,0:24,0:29,28,16,0,7.38,
Adam Pelech,NY Islanders,LD,51,1,8,9,4,24,0,0,0,0,0,0,0,0,1,0,28,3.6,72,20,48,0,84,7,0,1,0,0,0,0,14:35,0:04,1:50,35,31,0,6.92,
Mark Borowiecki,Ottawa,LD,58,1,8,9,-29,56,0,0,0,0,0,0,0,0,0,0,29,3.4,32,27,45,0,55,28,0,0,0,0,0,0,17:00,0:01,0:25,45,74,0,6.16,
Cale Fleury,Bakersfield,RD,22,4,4,8,-5,0,0,0,0,0,0,0,2,0,2,0,27,14.8,7,5,9,0,1,0,0,0,0,0,0,0,10:35,0:00,0:00,12,17,1,6.82,
Brett Leason,Washington,C/RW,20,4,4,8,4,2,0,0,0,0,0,0,0,0,1,0,15,26.7,1,1,8,0.53,7,1,0,0,0,0,0,0,13:06,0:01,0:00,14,10,0,6.00,
Leo Komarov,Bridgeport,RW/LW/C,28,3,5,8,-4,6,0,0,0,0,0,0,0,0,1,0,59,5.1,26,10,27,0.14,15,3,0,0,0,0,0,0,14:11,0:00,0:53,13,17,0,6.57,
Isaac Ratcliffe,Vegas,LW,18,2,6,8,-8,20,0,0,0,0,0,0,0,0,0,0,22,9.1,61,8,2,0.06,18,10,0,0,0,0,0,0,15:59,0:04,3:23,10,18,0,6.89,
Yegor Rykov,NY Rangers,LD/RD,20,1,7,8,-1,4,0,0,0,0,0,0,0,0,0,0,12,8.3,21,5,12,0,26,2,0,0,0,0,0,0,18:39,0:00,1:00,20,21,0,6.55,
Olli Juolevi,Vancouver,LD,10,0,8,8,6,14,0,1,1,0,0,0,0,0,0,0,12,0.0,5,4,6,0,8,2,0,1,0,0,0,0,18:48,1:23,0:04,16,10,0,7.30,
Jon Merrill,Vegas,LD/RD,58,0,8,8,-17,40,0,0,0,0,0,0,0,0,0,0,38,0.0,96,24,35,0,69,15,0,1,0,0,0,0,14:15,0:01,0:49,28,45,0,6.71,
Deryk Engelland,Vegas,RD/LD,68,0,8,8,-28,55,0,1,1,0,0,0,0,0,0,0,34,0.0,121,31,63,0,99,20,1,0,1,0,0,0,16:36,0:01,1:38,35,63,0,6.40,
Skyler McKenzie,Manitoba,LW,25,5,2,7,-9,2,0,0,0,0,0,0,1,0,0,0,33,15.2,1,4,2,0,4,1,0,0,0,0,0,0,12:55,0:10,0:00,11,20,0,6.60,
Carter Rowney,San Diego,RW/C,17,4,3,7,-8,8,0,1,1,0,0,0,0,0,1,0,20,20.0,37,6,0,0.00,4,4,0,0,0,0,0,0,11:27,0:14,0:00,7,15,0,6.82,
Joey Anderson,Binghamton,RW,43,3,4,7,-18,26,0,0,0,0,0,0,0,0,0,0,39,7.7,56,4,6,0.00,12,13,0,0,0,0,0,0,12:25,0:00,0:00,11,29,0,6.49,
Martin Hanzal,Dallas,C,29,2,5,7,-12,14,0,0,0,0,0,0,0,0,1,0,29,6.9,56,9,4,0.60,14,7,0,0,0,0,0,0,12:54,0:00,0:05,7,19,0,6.62,
Alex Lintuniemi,Carolina,LD,22,1,6,7,-3,4,0,0,0,0,0,0,0,0,0,0,31,3.2,22,10,16,0,11,2,0,0,0,0,0,0,16:04,0:00,0:00,13,16,0,6.50,
Brendan Guhle,Anaheim,LD,19,1,6,7,-6,10,0,1,1,0,0,0,0,0,0,0,19,5.3,47,8,11,0,25,5,0,0,0,0,0,0,19:27,0:59,0:29,16,22,0,7.05,
Chris Bigras,Philadelphia,LD,34,0,7,7,-1,4,0,0,0,0,0,0,0,0,0,0,28,0.0,33,15,13,0.06,41,2,0,0,0,0,0,0,14:40,0:03,0:26,22,23,0,6.76,
Radim Simek,San Jose,RD/LD,42,0,7,7,8,24,0,1,1,0,0,0,0,0,0,0,39,0.0,19,19,29,0,49,12,0,0,0,0,0,0,17:42,0:15,0:11,58,50,0,6.81,
Ben Street,Syracuse,C,18,6,0,6,-7,2,1,0,1,0,0,0,1,0,0,0,29,20.7,21,2,0,0.56,4,1,0,0,0,0,0,0,12:20,0:13,0:00,6,13,1,6.89,
Ryan Carpenter,Rockford,LW/RW/C,17,3,3,6,3,0,0,0,0,0,0,0,1,0,1,0,26,11.5,12,4,2,0,4,0,0,0,0,0,0,0,12:21,0:00,0:00,9,6,0,7.06,
T.J. Brennan,San Jose,LD,14,3,3,6,-5,0,0,0,0,0,0,0,0,0,0,0,27,11.1,9,4,3,0,5,0,0,0,0,0,0,0,12:34,0:00,0:00,6,11,0,7.14,
Josh Leivo,Toronto,LW/RW,26,3,3,6,-7,4,1,0,1,0,0,0,0,0,0,0,29,10.3,29,7,2,0,9,2,0,0,0,0,0,0,10:50,0:04,0:21,7,14,0,6.88,
Patrick Eaves,Anaheim,RW/LW,20,3,3,6,-10,4,1,0,1,0,0,0,0,1,0,0,37,8.1,31,5,5,0.14,14,2,0,0,0,0,0,0,15:27,1:20,2:00,10,20,0,6.65,
Danick Martel,Syracuse,LW/C,25,3,3,6,-15,9,0,0,0,0,0,0,0,0,1,0,34,8.8,12,7,0,0,7,2,1,0,0,0,0,0,12:02,0:00,0:00,9,24,0,6.36,
Justin Kloos,Anaheim,RW/C,11,2,4,6,2,0,0,0,0,0,0,0,0,0,0,0,22,9.1,2,2,0,0,4,0,0,0,0,0,0,0,12:29,0:00,0:00,10,8,0,7.45,
Austin Watson,St. Louis,RW/LW/C,31,2,4,6,-7,4,0,0,0,0,0,0,0,0,0,0,74,2.7,26,6,31,0.20,21,2,0,0,0,0,0,0,13:28,0:00,0:39,11,18,0,6.87,
Jordan Oesterle,Arizona,LD,31,2,4,6,7,10,0,0,0,0,0,0,0,0,0,0,39,5.1,16,10,35,0,21,5,0,0,0,0,0,0,16:38,0:25,0:00,29,22,0,6.84,
Andrej Sekera,Dallas,LD,15,1,5,6,-1,0,0,0,0,0,0,0,0,0,0,0,10,10.0,27,10,7,0,22,0,0,0,0,0,0,0,17:35,0:17,0:26,15,16,0,7.13,
Ron Hainsey,Ottawa,LD/RD,33,1,5,6,-4,14,0,2,2,0,0,0,1,0,1,0,40,2.5,33,15,49,0,62,7,0,0,0,0,0,0,21:15,0:56,1:31,34,38,0,6.55,
Caleb Jones,Anaheim,LD,41,0,6,6,-12,17,0,2,2,0,0,0,0,0,0,0,50,0.0,46,15,38,0,71,6,1,0,0,0,0,0,20:26,1:02,1:08,39,51,0,6.66,
Marc Methot,Manitoba,LD,33,0,6,6,2,20,0,0,0,0,0,0,0,0,0,0,29,0.0,95,21,42,0,66,10,0,0,0,0,0,0,20:20,0:03,1:44,29,27,0,6.70,
Zack MacEwen,Vancouver,C/RW,11,3,2,5,-5,6,0,0,0,0,0,0,0,0,1,0,16,18.8,22,3,5,0,0,3,0,0,0,0,0,0,11:23,0:00,0:00,6,11,0,6.91,
Tyler Motte,Vancouver,RW/C/LW,10,2,3,5,1,0,0,0,0,0,0,0,0,0,0,0,20,10.0,4,5,5,0,8,0,0,0,0,0,0,0,11:38,0:00,0:00,6,5,0,7.40,
Luke Johnson,Minnesota,C,19,2,3,5,2,6,0,0,0,0,0,0,1,0,0,0,18,11.1,9,1,5,0.42,14,3,0,0,0,0,0,0,13:15,0:15,0:00,11,9,0,6.11,
Chris Wideman,New Jersey,RD,25,2,3,5,-16,32,1,1,2,0,0,0,0,0,1,0,19,10.5,36,7,5,0,31,11,0,1,0,0,0,0,15:20,0:50,0:12,6,22,0,6.64,
Evan Barratt,Rockford,C,18,1,4,5,4,0,0,0,0,0,0,0,0,0,0,0,15,6.7,7,4,6,0.52,17,0,0,0,0,0,0,0,12:05,0:00,0:00,9,5,0,6.28,
Connor Carrick,New Jersey,RD,29,1,4,5,-9,38,0,2,2,0,0,0,0,0,0,0,19,5.3,26,8,10,0,31,19,0,0,0,0,0,0,15:36,0:06,0:00,15,24,0,6.69,
Dillon Heatherington,Dallas,LD/RD,12,0,5,5,-1,2,0,0,0,0,0,0,0,0,0,0,6,0.0,26,7,6,0,18,1,0,0,0,0,0,0,18:01,0:00,0:55,12,13,0,6.75,
Brad Hunt,Minnesota,LD,22,0,5,5,-14,8,0,0,0,0,0,0,0,0,0,0,16,0.0,9,5,20,0,26,4,0,0,0,0,0,0,17:40,0:10,0:00,18,32,0,6.64,
Thomas Hickey,NY Islanders,LD,19,0,5,5,1,14,0,0,0,0,0,0,0,0,0,0,19,0.0,2,5,32,0,31,7,0,0,0,0,0,0,15:25,0:34,1:22,12,11,0,6.84,
Conor Timmins,San Diego,RD,25,0,5,5,-7,14,0,1,1,0,0,0,0,0,0,0,22,0.0,37,13,6,0,29,7,0,0,0,0,0,0,18:07,1:45,0:09,18,25,0,6.68,
Patrik Nemeth,Detroit,RD/LD,46,0,5,5,-7,22,0,0,0,0,1,1,0,0,0,0,28,0.0,98,23,56,0,139,11,0,0,0,0,0,0,19:39,0:01,4:24,26,33,0,6.61,
Pär Lindholm,Boston,C/LW,19,3,1,4,-6,2,0,0,0,0,0,0,1,0,0,0,24,12.5,7,4,8,0,8,1,0,0,0,0,0,0,12:18,0:00,0:00,7,13,0,6.63,
Pierre-Édouard Bellemare,Edmonton,C/LW/RW,20,3,1,4,-2,4,0,0,0,0,0,0,0,0,0,0,32,9.4,4,1,20,0.55,9,2,0,0,0,0,0,0,10:04,0:00,0:00,9,11,0,6.40,
Miikka Salomäki,Nashville,RW/LW/C,31,3,1,4,-16,8,0,0,0,0,0,0,0,0,0,0,60,5.0,34,5,22,0.10,13,4,0,0,0,0,0,0,12:23,0:00,0:03,7,23,0,6.35,
Zack Smith,Providence,C/LW,14,2,2,4,-7,4,0,0,0,0,0,0,1,0,1,0,17,11.8,9,4,8,0.54,13,2,0,0,0,0,0,0,12:44,0:00,0:00,6,13,0,6.29,
Nico Sturm,Iowa,C,10,2,2,4,-3,6,0,0,0,0,0,0,1,0,1,0,13,15.4,2,3,5,0.43,5,3,0,0,0,0,0,0,12:42,0:00,0:00,5,8,0,6.00,
Brett Seney,Binghamton,LW/C,16,2,2,4,-7,12,0,0,0,0,0,0,0,0,0,0,16,12.5,11,2,0,0,4,6,0,0,0,0,0,0,11:32,0:00,0:00,5,12,0,6.56,
Danil Yurtaikin,San Jose,LW,5,1,3,4,2,0,0,1,1,0,0,0,0,0,0,0,12,8.3,3,3,2,0,4,0,0,0,0,0,0,0,13:12,0:15,0:00,5,3,0,7.40,
Connor Hobbs,Hershey,RD,13,1,3,4,-6,8,0,2,2,0,0,0,0,0,0,0,14,7.1,22,0,0,0,14,4,0,0,0,0,0,0,16:27,0:49,0:00,4,10,0,6.77,
Jean-Sébastien Dea,New Jersey,C,15,1,3,4,-7,22,0,0,0,0,0,0,0,0,1,0,5,20.0,9,6,1,0.45,9,11,0,0,0,0,0,0,11:39,0:00,0:00,4,11,0,6.00,
Calle Rosén,Colorado,LD,14,0,4,4,-4,4,0,0,0,0,0,0,0,0,0,0,22,0.0,4,4,2,0,10,2,0,0,0,0,0,0,17:09,0:00,0:12,16,20,0,6.71,
Trevor Carrick,San Jose,RD/LD,12,0,4,4,-2,6,0,0,0,0,0,0,0,0,0,0,6,0.0,6,1,3,0,19,3,0,0,0,0,0,0,18:05,0:00,1:00,14,16,0,6.67,
Matthew Tkachuk,Calgary,LW,12,0,4,4,-8,8,0,3,3,0,0,0,0,0,0,0,14,0.0,31,2,5,0,11,4,0,0,0,0,0,0,17:51,1:20,2:10,4,12,0,6.67,
Samuel Morin,Philadelphia,LD/RD,37,0,4,4,-5,48,0,0,0,0,0,0,0,0,0,0,31,0.0,55,18,39,0,51,19,0,1,0,0,0,0,15:44,0:00,0:07,24,29,0,6.49,
Michael Raffl,Lehigh Valley,LW/RW,14,2,1,3,0,0,0,0,0,0,0,0,1,0,1,0,23,8.7,18,5,1,0,5,0,0,0,0,0,0,0,11:53,0:00,0:00,3,3,0,6.93,
Nate Thompson,Montreal,C/LW,5,2,1,3,-2,2,0,0,0,0,0,0,0,0,0,0,3,66.7,5,0,1,0.64,3,1,0,0,0,0,0,0,11:47,0:00,0:00,3,5,0,6.60,
Brendan Leipsic,Washington,LW/C,13,2,1,3,-1,12,0,0,0,0,0,0,0,0,0,0,10,20.0,14,2,1,0.17,8,6,0,0,0,0,0,0,11:02,0:00,0:00,5,6,0,6.62,
Ryan Poehling,Montreal,C,11,1,2,3,-1,0,0,0,0,0,0,0,0,0,1,0,10,10.0,10,2,4,0.44,5,0,0,0,0,0,0,0,13:45,0:00,0:44,4,5,0,6.09,
Lukás Radil,San Jose,LW/RW/C,15,1,2,3,-10,0,0,0,0,0,0,0,0,0,0,0,31,3.2,7,1,0,0,10,0,0,0,0,0,0,0,13:04,0:00,0:20,4,14,0,6.67,
Morgan Frost,San Diego,C,4,1,2,3,0,2,0,1,1,0,0,0,0,0,0,0,6,16.7,5,0,0,0.66,3,1,0,0,0,0,0,0,13:30,1:42,0:00,2,2,0,7.50,
Vladislav Kamenev,Colorado,C/LW,10,1,2,3,-8,4,0,0,0,0,0,0,1,0,1,0,14,7.1,4,2,7,0.43,3,2,0,0,0,0,0,0,12:55,0:00,0:00,3,11,0,6.10,
Laurent Dauphin,Nashville,C/LW,27,1,2,3,-17,6,0,0,0,0,0,0,0,1,0,0,36,2.8,11,6,6,0.34,10,3,0,0,0,0,0,0,12:58,0:00,0:00,9,26,0,5.85,
Nick Lappin,St. Louis,RW,23,1,2,3,-2,14,0,0,0,0,0,0,0,0,0,0,31,3.2,19,2,6,0.11,10,7,0,0,0,0,0,0,12:19,0:00,0:00,7,9,0,6.78,
Madison Bowey,Detroit,RD,18,1,2,3,-4,14,0,0,0,0,0,0,0,0,0,0,11,9.1,27,2,5,0,32,7,0,0,0,0,0,0,17:29,0:00,1:32,10,14,0,6.78,
Oscar Fantenberg,Vancouver,LD,8,0,3,3,5,0,0,0,0,0,0,0,0,0,0,0,3,0.0,7,3,6,0,9,0,0,0,0,0,0,0,17:07,0:00,0:36,12,7,0,7.00,
Gaëtan Haas,Bakersfield,C/LW,4,0,3,3,0,0,0,1,1,0,0,0,0,0,0,0,11,0.0,1,0,0,0.60,0,0,0,0,0,0,0,0,16:27,2:45,0:00,2,2,0,6.50,
Brett Kulak,Laval,LD,9,0,3,3,0,2,0,3,3,0,0,0,0,0,0,0,10,0.0,1,2,11,0,6,1,0,0,0,0,0,0,19:08,1:44,0:00,8,8,0,6.44,
Jay Bouwmeester,Tampa Bay,LD,6,0,3,3,-4,2,0,0,0,0,0,0,0,0,0,0,7,0.0,5,4,3,0,10,1,0,0,0,0,0,0,16:44,0:00,0:00,6,10,0,7.17,
Erik Cernák,Syracuse,RD,11,0,3,3,7,4,0,0,0,0,0,0,0,0,0,0,13,0.0,20,9,15,0,23,2,0,0,0,0,0,0,19:43,0:01,3:17,14,7,0,6.91,
Noah Juulsen,Laval,RD/LD,18,0,3,3,-1,4,0,0,0,0,0,0,0,0,0,0,17,0.0,5,3,4,0,23,2,0,0,0,0,0,0,17:39,0:00,0:32,17,18,0,6.67,
Joseph Veleno,Drummondville,C,22,0,3,3,-10,6,0,0,0,0,0,0,0,0,0,0,18,0.0,17,2,3,0.51,7,3,0,0,0,0,0,0,11:57,0:00,0:00,6,16,0,6.09,
Brian Lashoff,Detroit,RD/LD,12,0,3,3,-4,8,0,0,0,0,0,0,0,0,0,0,3,0.0,24,8,5,0,28,4,0,0,0,0,0,0,18:38,0:00,3:07,6,10,0,6.67,
Alex Biega,Vancouver,RD,13,0,3,3,4,12,0,0,0,0,1,1,0,0,0,0,17,0.0,29,11,7,0,26,6,0,0,0,0,0,0,19:46,0:23,3:03,15,11,0,6.92,
Tyler Lewington,Washington,RD,12,0,3,3,0,12,0,0,0,0,0,0,0,0,0,0,2,0.0,28,6,4,0,19,6,0,0,0,0,0,0,19:10,0:00,2:26,8,8,0,6.25,
Justin Braun,Philadelphia,RD,36,0,3,3,0,12,0,0,0,0,1,1,0,0,0,0,37,0.0,52,14,31,0,43,6,0,0,0,0,0,0,17:04,0:02,1:22,27,27,0,6.92,
Will Bitten,Minnesota,RW/C,3,2,0,2,0,0,0,0,0,0,0,0,0,0,0,0,9,22.2,0,1,1,0.67,1,0,0,0,0,0,0,0,15:34,1:20,0:00,2,2,0,7.33,
Brad Malone,Bakersfield,C/LW,3,1,1,2,2,2,0,0,0,0,0,0,0,0,0,0,3,33.3,5,0,2,0.30,3,1,0,0,0,0,0,0,14:00,0:00,1:24,3,1,0,7.00,
Andrew Mangiapane,Calgary,LW,13,1,1,2,-2,4,0,0,0,0,0,0,0,0,0,0,19,5.3,13,4,0,0,8,2,0,0,0,0,0,0,12:09,0:49,0:00,2,4,0,6.77,
Valentin Zykov,Chicago,RW/LW,10,1,1,2,-2,4,0,0,0,0,0,0,0,0,0,0,15,6.7,15,4,2,0,4,2,0,0,0,0,0,0,11:35,0:00,0:00,5,7,0,6.70,
Nic Dowd,Hershey,C/RW,7,1,1,2,0,10,0,0,0,0,0,0,0,0,1,0,7,14.3,11,4,2,0.51,5,5,0,0,0,0,0,0,13:51,0:12,0:00,2,2,0,6.29,
Jay O'Brien,Chicago,C,16,1,1,2,-13,14,0,0,0,0,0,0,0,1,0,0,25,4.0,11,2,3,0.37,6,7,0,0,0,0,0,0,13:11,0:29,0:00,3,16,0,5.56,
Roman Polák,Texas,RD,14,1,1,2,-4,18,0,0,0,0,0,0,0,0,0,0,13,7.7,35,9,10,0,17,9,0,0,0,0,0,0,18:17,0:00,1:12,9,13,0,6.21,
Lukas Elvenes,Chicago,C/RW,4,0,2,2,0,0,0,0,0,0,0,0,0,0,0,0,0,---,6,1,0,0.18,0,0,0,0,0,0,0,0,10:22,0:00,0:00,2,2,0,7.00,
Gustav Bouramman,Iowa,RD,4,0,2,2,-1,0,0,1,1,0,0,0,0,0,0,0,4,0.0,0,2,1,0,7,0,0,0,0,0,0,0,17:27,0:26,0:01,3,4,0,7.00,
Charles Hudon,,LW/RW,6,0,2,2,-2,2,0,0,0,0,0,0,0,0,0,0,18,0.0,1,1,1,0,3,1,0,0,0,0,0,0,15:33,0:00,0:00,3,5,0,6.67,
Christian Folin,Laval,RD/LD,11,0,2,2,-4,2,0,0,0,0,0,0,0,0,0,0,7,0.0,6,2,10,0,25,1,0,0,0,0,0,0,19:03,0:00,1:14,9,13,0,6.64,
Joel Hanley,Laval,LD,11,0,2,2,-7,6,0,1,1,0,0,0,0,0,0,0,8,0.0,5,3,8,0,8,3,0,0,0,0,0,0,17:45,1:10,0:10,7,14,0,6.45,
Calvin De Haan,New Jersey,LD/RD,21,0,2,2,-17,6,0,0,0,0,0,0,0,0,0,0,20,0.0,36,11,23,0,48,3,0,0,0,0,0,0,22:25,0:51,4:42,13,30,0,6.38,
Zach Sanford,Calgary,LW,19,0,2,2,-7,12,0,0,0,0,0,0,0,0,0,0,8,0.0,35,3,4,0,6,6,0,0,0,0,0,0,11:47,0:05,0:00,4,11,0,6.58,
Nathan Walker,San Antonio,LW,1,1,0,1,1,0,0,0,0,0,0,0,0,0,0,0,4,25.0,1,0,0,0.13,0,0,0,0,0,0,0,0,11:20,0:00,0:00,1,0,0,7.00,
Joel Kellman,San Jose,C,2,1,0,1,0,0,0,0,0,0,0,0,0,0,0,0,3,33.3,0,0,1,0,3,0,0,0,0,0,0,0,12:17,0:00,0:00,2,2,0,6.50,
Jordan Nolan,San Antonio,C/RW/LW,6,1,0,1,-3,0,0,0,0,0,0,0,1,0,0,0,11,9.1,2,3,5,0.60,1,0,0,0,0,0,0,0,14:10,0:00,0:00,1,4,0,6.17,
Anton Lindholm,Colorado,LD,6,1,0,1,-9,0,0,0,0,0,0,0,0,0,0,0,2,50.0,0,1,10,0,7,0,0,0,0,0,0,0,18:40,0:00,0:00,6,15,0,6.17,
Nicolas Roy,Chicago,C/RW,2,1,0,1,0,2,0,0,0,0,0,0,0,0,1,0,2,50.0,2,0,0,0.57,3,1,0,0,0,0,0,0,13:26,0:00,0:00,1,1,0,6.50,
Luke Glendening,Grand Rapids,C/RW,11,1,0,1,-3,2,0,0,0,0,0,0,0,0,0,0,20,5.0,18,3,5,0.66,10,1,0,0,0,0,0,0,15:15,0:00,2:32,3,6,0,6.36,
Blake Comeau,Texas,RW/LW,7,1,0,1,-3,4,0,0,0,0,0,0,0,0,0,0,8,12.5,11,2,0,0,0,2,0,0,0,0,0,0,14:01,0:00,0:54,1,4,0,6.29,
Kyle Brodziak,Wichita,C,4,0,1,1,2,0,0,0,0,0,0,0,0,0,0,0,3,0.0,2,1,3,0.59,1,0,0,0,0,0,0,0,12:30,0:00,0:00,3,1,0,6.50,
Timothy Liljegren,Toronto,RD,1,0,1,1,1,0,0,0,0,0,0,0,0,0,0,0,0,---,4,0,0,0,0,0,0,0,0,0,0,0,10:42,0:00,0:00,1,0,0,8.00,
Jack Badini,San Diego,C,2,0,1,1,1,0,0,0,0,0,0,0,0,0,0,0,2,0.0,1,0,0,0,0,0,0,0,0,0,0,0,9:00,0:00,0:00,1,0,0,7.50,
Jani Hakanpää,San Diego,RD,1,0,1,1,-1,0,0,0,0,0,0,0,0,0,0,0,0,---,2,0,0,0,2,0,0,0,0,0,0,0,16:49,0:00,0:00,1,2,0,7.00,
Fredrik Claesson,Calgary,LD,4,0,1,1,-1,0,0,1,1,0,0,0,0,0,0,0,6,0.0,3,1,3,0,2,0,0,0,0,0,0,0,14:15,1:57,2:15,1,2,0,6.75,
Johan Larsson,Rochester,C/LW,3,0,1,1,-1,0,0,0,0,0,0,0,0,0,0,0,2,0.0,2,0,0,0.59,1,0,0,0,0,0,0,0,11:18,0:00,0:00,3,4,0,6.33,
Gavin Bayreuther,Texas,LD,5,0,1,1,-1,0,0,0,0,0,0,0,0,0,0,0,2,0.0,9,2,5,0,7,0,0,0,0,0,0,0,19:19,0:29,0:00,5,6,0,6.80,
Dylan Gambrell,San Jose,C,4,0,1,1,-2,0,0,0,0,0,0,0,0,0,0,0,8,0.0,1,1,2,0,4,0,0,0,0,0,0,0,12:39,0:00,0:00,2,4,0,7.00,
Joakim Nordström,Boston,C/LW,9,0,1,1,-5,0,0,0,0,0,0,0,0,0,0,0,13,0.0,7,0,1,0.46,8,0,0,0,0,0,0,0,12:54,0:00,0:26,3,8,0,6.11,
Josh Jacobs,Minnesota,RD,8,0,1,1,1,2,0,0,0,0,0,0,0,0,0,0,6,0.0,5,3,1,0,6,1,0,0,0,0,0,0,19:37,1:15,1:22,10,9,0,6.50,
Markus Hännikäinen,Columbus,LW/RW,5,0,1,1,-5,2,0,0,0,0,0,0,0,0,0,0,6,0.0,4,2,2,0,0,1,0,0,0,0,0,0,13:01,0:00,0:00,1,6,0,6.40,
Scott Perunovich,St. Louis,LD,8,0,1,1,0,4,0,0,0,0,0,0,0,0,0,0,5,0.0,2,6,2,0,6,2,0,0,0,0,0,0,15:26,0:59,0:05,10,10,0,6.50,
Brandon Manning,Bakersfield,LD/RD,3,0,1,1,2,6,0,0,0,0,0,0,0,0,0,0,1,0.0,3,2,6,0,4,3,0,0,0,0,0,0,16:36,0:00,0:35,3,1,0,7.00,
Brandon Davidson,Calgary,RD/LD,6,0,1,1,-2,7,0,0,0,0,0,0,0,0,0,0,4,0.0,12,0,4,0,7,1,1,0,0,0,1,0,13:48,0:00,1:45,2,4,0,7.00,
Brett Lernout,Vegas,RD,17,0,1,1,-7,12,0,0,0,0,0,0,0,0,0,0,10,0.0,32,4,8,0,11,6,0,0,0,0,0,0,13:34,0:00,0:34,5,12,0,6.41,
Curtis McKenzie,Chicago,LW,13,0,1,1,-4,35,0,0,0,0,0,0,0,0,0,0,13,0.0,28,3,3,0,8,10,1,1,0,0,1,0,10:44,0:07,0:00,2,6,0,6.69,
Colby Sissons,Binghamton,LD,1,0,0,0,0,0,0,0,0,0,0,0,0,0,0,0,1,0.0,1,1,2,0,3,0,0,0,0,0,0,0,13:26,0:00,0:00,0,0,0,7.00,
Patrick Sieloff,San Diego,LD,1,0,0,0,0,0,0,0,0,0,0,0,0,0,0,0,0,---,0,0,1,0,1,0,0,0,0,0,0,0,9:11,0:00,0:00,0,0,0,7.00,
Kyle Capobianco,Tucson,LD,1,0,0,0,-1,0,0,0,0,0,0,0,0,0,0,0,0,---,0,0,0,0,0,0,0,0,0,0,0,0,14:22,0:00,0:00,0,1,0,6.00,
Jayden Halbgewachs,San Jose,LW/C,2,0,0,0,-1,0,0,0,0,0,0,0,0,0,0,0,6,0.0,0,0,0,0,1,0,0,0,0,0,0,0,13:35,0:00,0:00,0,1,0,6.50,
Morgan Klimchuk,San Antonio,LW,2,0,0,0,-1,0,0,0,0,0,0,0,0,0,0,0,1,0.0,0,0,1,0,1,0,0,0,0,0,0,0,11:58,0:00,0:00,0,1,0,6.50,
Greg McKegg,Hartford,C/LW,4,0,0,0,-1,0,0,0,0,0,0,0,0,0,0,0,2,0.0,3,0,1,0,6,0,0,0,0,0,0,0,11:35,0:00,0:00,1,2,0,6.75,
Filip Chlapík,Belleville,C,1,0,0,0,-1,0,0,0,0,0,0,0,0,0,0,0,0,---,0,0,0,0.20,3,0,0,0,0,0,0,0,15:53,0:00,0:00,0,1,0,5.00,
Carter Verhaeghe,Syracuse,C/LW,2,0,0,0,-2,0,0,0,0,0,0,0,0,0,0,0,4,0.0,0,0,0,0.43,2,0,0,0,0,0,0,0,11:54,0:00,0:00,1,3,0,6.50,
Antti Suomela,San Jose,C,4,0,0,0,-5,0,0,0,0,0,0,0,0,0,0,0,4,0.0,1,1,0,0.29,3,0,0,0,0,0,0,0,13:10,0:00,0:00,0,5,0,5.25,
Nicolas Deslauriers,San Diego,LW/RW,9,0,0,0,-6,0,0,0,0,0,0,0,0,0,0,0,6,0.0,26,6,5,0,9,0,0,0,0,0,0,0,15:05,0:00,2:40,0,6,0,6.33,
Ben Harpur,Toronto,RD,4,0,0,0,1,2,0,0,0,0,0,0,0,0,0,0,5,0.0,5,4,2,0,16,1,0,0,0,0,0,0,19:00,0:00,3:06,3,2,0,7.00,
Joey LaLeggia,San Antonio,LD,2,0,0,0,1,2,0,0,0,0,0,0,0,0,0,0,1,0.0,2,1,0,0,1,1,0,0,0,0,0,0,12:54,0:00,0:00,2,1,0,7.00,
Alex Barré-Boulet,Syracuse,C,4,0,0,0,-1,2,0,0,0,0,0,0,0,0,0,0,4,0.0,0,0,0,0.59,2,1,0,0,0,0,0,0,11:24,0:00,0:00,0,1,0,6.00,
Jaycob Megna,Chicago,LD,3,0,0,0,-2,2,0,0,0,0,0,0,0,0,0,0,2,0.0,9,2,1,0,6,1,0,0,0,0,0,0,18:01,0:00,1:37,0,2,0,6.67,
Marco Scandella,Cincinnati,LD,3,0,0,0,-4,2,0,0,0,0,0,0,0,0,0,0,1,0.0,7,0,5,0,0,1,0,0,0,0,0,0,13:40,0:00,0:54,0,4,0,6.33,
Robert Bortuzzo,San Antonio,RD/LD,2,0,0,0,-1,4,0,0,0,0,0,0,0,0,0,0,2,0.0,5,0,1,0,3,2,0,0,0,0,0,0,14:25,0:00,0:20,0,1,0,6.50,
Brian Gibbons,Syracuse,RW/C/LW,5,0,0,0,-1,4,0,0,0,0,0,0,0,0,0,0,3,0.0,8,1,1,0,0,2,0,0,0,0,0,0,10:48,0:00,0:00,1,2,0,6.40,
Nick Shore,Toronto,C,6,0,0,0,-5,4,0,0,0,0,0,0,0,0,0,0,7,0.0,5,0,1,0.56,9,2,0,0,0,0,0,0,10:46,0:00,0:00,0,5,0,6.33,
Milan Lucic,Calgary,LW,6,0,0,0,-8,6,0,0,0,0,0,0,0,0,0,0,4,0.0,11,0,0,0,0,3,0,0,0,0,0,0,10:30,0:00,0:23,0,8,0,6.33,
Tyrell Goulbourne,Chicago,LW,12,0,0,0,-2,24,0,0,0,0,0,0,0,0,0,0,5,0.0,13,5,5,0,4,7,0,1,0,0,0,0,10:34,0:00,0:00,1,3,0,6.25,